MAGX_-_max_mean,MAGY_-_max_mean,MAGZ_-_max_mean,MAGX_-_min_mean,MAGY_-_min_mean,MAGZ_-_min_mean,MAGX_-_max_min,MAGY_-_max_min,MAGZ_-_max_min,MAGX_-_sd,MAGY_-_sd,MAGZ_-_sd,MAGX_-_integral,MAGY_-_integral,MAGZ_-_integral,MAGX_-_power_0.1-2.59,MAGX_-_fmax_0.1-2.59,MAGX_-_power_2.59-5.08,MAGX_-_fmax_2.59-5.08,MAGX_-_power_5.08-7.57,MAGX_-_fmax_5.08-7.57,MAGX_-_power_7.57-10.06,MAGX_-_fmax_7.57-10.06,MAGX_-_power_10.06-12.55,MAGX_-_fmax_10.06-12.55,MAGX_-_power_12.55-15.04,MAGX_-_fmax_12.55-15.04,MAGX_-_power_15.04-17.53,MAGX_-_fmax_15.04-17.53,MAGX_-_power_17.53-20.02,MAGX_-_fmax_17.53-20.02,MAGX_-_power_20.02-22.51,MAGX_-_fmax_20.02-22.51,MAGX_-_power_22.51-25.0,MAGX_-_fmax_22.51-25.0,MAGY_-_power_0.1-2.59,MAGY_-_fmax_0.1-2.59,MAGY_-_power_2.59-5.08,MAGY_-_fmax_2.59-5.08,MAGY_-_power_5.08-7.57,MAGY_-_fmax_5.08-7.57,MAGY_-_power_7.57-10.06,MAGY_-_fmax_7.57-10.06,MAGY_-_power_10.06-12.55,MAGY_-_fmax_10.06-12.55,MAGY_-_power_12.55-15.04,MAGY_-_fmax_12.55-15.04,MAGY_-_power_15.04-17.53,MAGY_-_fmax_15.04-17.53,MAGY_-_power_17.53-20.02,MAGY_-_fmax_17.53-20.02,MAGY_-_power_20.02-22.51,MAGY_-_fmax_20.02-22.51,MAGY_-_power_22.51-25.0,MAGY_-_fmax_22.51-25.0,MAGZ_-_power_0.1-2.59,MAGZ_-_fmax_0.1-2.59,MAGZ_-_power_2.59-5.08,MAGZ_-_fmax_2.59-5.08,MAGZ_-_power_5.08-7.57,MAGZ_-_fmax_5.08-7.57,MAGZ_-_power_7.57-10.06,MAGZ_-_fmax_7.57-10.06,MAGZ_-_power_10.06-12.55,MAGZ_-_fmax_10.06-12.55,MAGZ_-_power_12.55-15.04,MAGZ_-_fmax_12.55-15.04,MAGZ_-_power_15.04-17.53,MAGZ_-_fmax_15.04-17.53,MAGZ_-_power_17.53-20.02,MAGZ_-_fmax_17.53-20.02,MAGZ_-_power_20.02-22.51,MAGZ_-_fmax_20.02-22.51,MAGZ_-_power_22.51-25.0,MAGZ_-_fmax_22.51-25.0,GYRX_-_max_mean,GYRY_-_max_mean,GYRZ_-_max_mean,GYRX_-_min_mean,GYRY_-_min_mean,GYRZ_-_min_mean,GYRX_-_max_min,GYRY_-_max_min,GYRZ_-_max_min,GYRX_-_sd,GYRY_-_sd,GYRZ_-_sd,GYRX_-_integral,GYRY_-_integral,GYRZ_-_integral,GYRX_-_power_0.1-2.59,GYRX_-_fmax_0.1-2.59,GYRX_-_power_2.59-5.08,GYRX_-_fmax_2.59-5.08,GYRX_-_power_5.08-7.57,GYRX_-_fmax_5.08-7.57,GYRX_-_power_7.57-10.06,GYRX_-_fmax_7.57-10.06,GYRX_-_power_10.06-12.55,GYRX_-_fmax_10.06-12.55,GYRX_-_power_12.55-15.04,GYRX_-_fmax_12.55-15.04,GYRX_-_power_15.04-17.53,GYRX_-_fmax_15.04-17.53,GYRX_-_power_17.53-20.02,GYRX_-_fmax_17.53-20.02,GYRX_-_power_20.02-22.51,GYRX_-_fmax_20.02-22.51,GYRX_-_power_22.51-25.0,GYRX_-_fmax_22.51-25.0,GYRY_-_power_0.1-2.59,GYRY_-_fmax_0.1-2.59,GYRY_-_power_2.59-5.08,GYRY_-_fmax_2.59-5.08,GYRY_-_power_5.08-7.57,GYRY_-_fmax_5.08-7.57,GYRY_-_power_7.57-10.06,GYRY_-_fmax_7.57-10.06,GYRY_-_power_10.06-12.55,GYRY_-_fmax_10.06-12.55,GYRY_-_power_12.55-15.04,GYRY_-_fmax_12.55-15.04,GYRY_-_power_15.04-17.53,GYRY_-_fmax_15.04-17.53,GYRY_-_power_17.53-20.02,GYRY_-_fmax_17.53-20.02,GYRY_-_power_20.02-22.51,GYRY_-_fmax_20.02-22.51,GYRY_-_power_22.51-25.0,GYRY_-_fmax_22.51-25.0,GYRZ_-_power_0.1-2.59,GYRZ_-_fmax_0.1-2.59,GYRZ_-_power_2.59-5.08,GYRZ_-_fmax_2.59-5.08,GYRZ_-_power_5.08-7.57,GYRZ_-_fmax_5.08-7.57,GYRZ_-_power_7.57-10.06,GYRZ_-_fmax_7.57-10.06,GYRZ_-_power_10.06-12.55,GYRZ_-_fmax_10.06-12.55,GYRZ_-_power_12.55-15.04,GYRZ_-_fmax_12.55-15.04,GYRZ_-_power_15.04-17.53,GYRZ_-_fmax_15.04-17.53,GYRZ_-_power_17.53-20.02,GYRZ_-_fmax_17.53-20.02,GYRZ_-_power_20.02-22.51,GYRZ_-_fmax_20.02-22.51,GYRZ_-_power_22.51-25.0,GYRZ_-_fmax_22.51-25.0,ACCX_-_max_mean,ACCY_-_max_mean,ACCZ_-_max_mean,acc_mod_-_max_mean,acc_mod_plan_-_max_mean,ACCX_-_min_mean,ACCY_-_min_mean,ACCZ_-_min_mean,acc_mod_-_min_mean,acc_mod_plan_-_min_mean,ACCX_-_max_min,ACCY_-_max_min,ACCZ_-_max_min,acc_mod_-_max_min,acc_mod_plan_-_max_min,ACCX_-_sd,ACCY_-_sd,ACCZ_-_sd,acc_mod_-_sd,acc_mod_plan_-_sd,ACCX_-_integral,ACCY_-_integral,ACCZ_-_integral,acc_mod_-_integral,acc_mod_plan_-_integral,ACCX_-_power_0.1-2.59,ACCX_-_fmax_0.1-2.59,ACCX_-_power_2.59-5.08,ACCX_-_fmax_2.59-5.08,ACCX_-_power_5.08-7.57,ACCX_-_fmax_5.08-7.57,ACCX_-_power_7.57-10.06,ACCX_-_fmax_7.57-10.06,ACCX_-_power_10.06-12.55,ACCX_-_fmax_10.06-12.55,ACCX_-_power_12.55-15.04,ACCX_-_fmax_12.55-15.04,ACCX_-_power_15.04-17.53,ACCX_-_fmax_15.04-17.53,ACCX_-_power_17.53-20.02,ACCX_-_fmax_17.53-20.02,ACCX_-_power_20.02-22.51,ACCX_-_fmax_20.02-22.51,ACCX_-_power_22.51-25.0,ACCX_-_fmax_22.51-25.0,ACCY_-_power_0.1-2.59,ACCY_-_fmax_0.1-2.59,ACCY_-_power_2.59-5.08,ACCY_-_fmax_2.59-5.08,ACCY_-_power_5.08-7.57,ACCY_-_fmax_5.08-7.57,ACCY_-_power_7.57-10.06,ACCY_-_fmax_7.57-10.06,ACCY_-_power_10.06-12.55,ACCY_-_fmax_10.06-12.55,ACCY_-_power_12.55-15.04,ACCY_-_fmax_12.55-15.04,ACCY_-_power_15.04-17.53,ACCY_-_fmax_15.04-17.53,ACCY_-_power_17.53-20.02,ACCY_-_fmax_17.53-20.02,ACCY_-_power_20.02-22.51,ACCY_-_fmax_20.02-22.51,ACCY_-_power_22.51-25.0,ACCY_-_fmax_22.51-25.0,ACCZ_-_power_0.1-2.59,ACCZ_-_fmax_0.1-2.59,ACCZ_-_power_2.59-5.08,ACCZ_-_fmax_2.59-5.08,ACCZ_-_power_5.08-7.57,ACCZ_-_fmax_5.08-7.57,ACCZ_-_power_7.57-10.06,ACCZ_-_fmax_7.57-10.06,ACCZ_-_power_10.06-12.55,ACCZ_-_fmax_10.06-12.55,ACCZ_-_power_12.55-15.04,ACCZ_-_fmax_12.55-15.04,ACCZ_-_power_15.04-17.53,ACCZ_-_fmax_15.04-17.53,ACCZ_-_power_17.53-20.02,ACCZ_-_fmax_17.53-20.02,ACCZ_-_power_20.02-22.51,ACCZ_-_fmax_20.02-22.51,ACCZ_-_power_22.51-25.0,ACCZ_-_fmax_22.51-25.0,acc_mod_-_power_0.1-2.59,acc_mod_-_fmax_0.1-2.59,acc_mod_-_power_2.59-5.08,acc_mod_-_fmax_2.59-5.08,acc_mod_-_power_5.08-7.57,acc_mod_-_fmax_5.08-7.57,acc_mod_-_power_7.57-10.06,acc_mod_-_fmax_7.57-10.06,acc_mod_-_power_10.06-12.55,acc_mod_-_fmax_10.06-12.55,acc_mod_-_power_12.55-15.04,acc_mod_-_fmax_12.55-15.04,acc_mod_-_power_15.04-17.53,acc_mod_-_fmax_15.04-17.53,acc_mod_-_power_17.53-20.02,acc_mod_-_fmax_17.53-20.02,acc_mod_-_power_20.02-22.51,acc_mod_-_fmax_20.02-22.51,acc_mod_-_power_22.51-25.0,acc_mod_-_fmax_22.51-25.0,acc_mod_plan_-_power_0.1-2.59,acc_mod_plan_-_fmax_0.1-2.59,acc_mod_plan_-_power_2.59-5.08,acc_mod_plan_-_fmax_2.59-5.08,acc_mod_plan_-_power_5.08-7.57,acc_mod_plan_-_fmax_5.08-7.57,acc_mod_plan_-_power_7.57-10.06,acc_mod_plan_-_fmax_7.57-10.06,acc_mod_plan_-_power_10.06-12.55,acc_mod_plan_-_fmax_10.06-12.55,acc_mod_plan_-_power_12.55-15.04,acc_mod_plan_-_fmax_12.55-15.04,acc_mod_plan_-_power_15.04-17.53,acc_mod_plan_-_fmax_15.04-17.53,acc_mod_plan_-_power_17.53-20.02,acc_mod_plan_-_fmax_17.53-20.02,acc_mod_plan_-_power_20.02-22.51,acc_mod_plan_-_fmax_20.02-22.51,acc_mod_plan_-_power_22.51-25.0,acc_mod_plan_-_fmax_22.51-25.0,LAB
31.970000,9.070000,6.490000,-6.030000,-54.930000,-127.510000,38.000000,64.000000,134.000000,4.162824,6.081538,13.116779,-0.000000,0.000000,-0.000000,62.626950,2.000000,33.227220,4.000000,34.461268,7.000000,32.325012,10.000000,54.918459,11.000000,70.776846,15.000000,59.485359,17.000000,45.370028,20.000000,28.803375,22.000000,41.308672,24.000000,71.949766,2.000000,63.590902,3.000000,82.123241,7.000000,72.641741,9.000000,53.737951,11.000000,57.870329,13.000000,66.982929,16.000000,61.375013,20.000000,64.674216,22.000000,40.359427,25.000000,117.637860,2.000000,114.746692,5.000000,106.281256,7.000000,146.019318,8.000000,137.040120,12.000000,115.139408,15.000000,145.721666,17.000000,113.144425,18.000000,156.294207,22.000000,135.394445,25.000000,76.460000,84.580000,27.480000,-41.540000,-71.420000,-38.520000,118.000000,156.000000,66.000000,33.306882,37.604569,16.112405,0.000000,-0.000000,0.000000,1404.276299,1.000000,353.535592,4.000000,93.152776,6.000000,108.363672,8.000000,60.311463,12.000000,53.803729,14.000000,44.140065,16.000000,39.932204,18.000000,35.553304,21.000000,43.010153,25.000000,1370.356183,2.000000,734.939694,4.000000,439.770958,7.000000,205.637168,8.000000,70.053839,12.000000,70.473116,13.000000,62.285421,16.000000,38.027777,19.000000,51.330117,22.000000,30.117348,23.000000,678.006437,1.000000,222.897471,3.000000,78.338646,7.000000,36.219905,9.000000,57.838541,12.000000,37.247014,13.000000,39.848154,17.000000,20.582301,19.000000,24.575214,21.000000,23.638223,25.000000,70.760000,113.210000,60.450000,113.232180,59.144289,-95.240000,-116.790000,-74.550000,-112.374565,-71.776377,166.000000,230.000000,135.000000,225.606745,130.920666,43.845666,43.053756,29.474862,42.517985,29.697819,-0.000000,0.000000,0.000000,-0.000000,-0.000000,1427.960829,1.000000,861.704449,4.000000,798.095773,7.000000,248.960747,8.000000,160.372906,12.000000,209.815536,14.000000,119.654021,17.000000,91.497618,20.000000,75.439597,22.000000,95.723158,25.000000,1646.648941,1.000000,623.084916,3.000000,433.644072,7.000000,204.698034,10.000000,189.661549,11.000000,210.775291,13.000000,159.089989,17.000000,139.283822,19.000000,91.848746,21.000000,112.732770,25.000000,1093.786016,1.000000,273.122547,3.000000,127.011688,6.000000,97.072821,8.000000,114.828709,11.000000,213.314474,15.000000,254.410431,17.000000,199.939893,20.000000,106.788903,22.000000,108.474517,23.000000,1598.788339,1.000000,638.906093,3.000000,460.949787,7.000000,183.242329,10.000000,174.268646,11.000000,205.085399,13.000000,146.327099,17.000000,128.152872,19.000000,103.570969,21.000000,112.846846,23.000000,976.691338,1.000000,317.644749,3.000000,295.293516,6.000000,174.799465,8.000000,161.294302,11.000000,254.487165,15.000000,229.799543,17.000000,192.793392,20.000000,122.169022,22.000000,114.752676,23.000000,0.000000
6.050000,4.510000,7.390000,-4.950000,-4.490000,-4.610000,11.000000,9.000000,12.000000,2.586020,2.471821,2.622575,0.000000,-0.000000,-0.000000,22.307116,2.000000,31.999113,4.000000,37.642773,7.000000,55.797353,8.000000,24.173342,12.000000,22.160820,15.000000,37.721025,16.000000,19.321312,18.000000,26.375126,21.000000,26.557717,25.000000,40.457747,2.000000,35.662906,4.000000,19.507994,7.000000,27.009343,9.000000,26.795477,11.000000,37.190046,14.000000,19.275832,16.000000,31.669010,18.000000,20.333612,22.000000,16.352049,23.000000,33.083198,1.000000,43.431937,3.000000,32.091364,7.000000,22.303516,8.000000,36.086477,12.000000,26.889137,13.000000,31.864017,16.000000,29.321608,18.000000,26.719605,21.000000,26.648452,24.000000,17.760000,30.820000,20.390000,-24.240000,-31.180000,-25.610000,42.000000,62.000000,46.000000,10.023093,11.185151,10.930595,-0.000000,-0.000000,-0.000000,377.778235,1.000000,162.000371,3.000000,34.981845,7.000000,68.548264,8.000000,55.658956,11.000000,47.952310,14.000000,22.929145,17.000000,51.248111,18.000000,33.308505,21.000000,43.155428,23.000000,187.656317,2.000000,261.106517,4.000000,345.136280,6.000000,94.595029,9.000000,95.814325,11.000000,92.837947,13.000000,46.013619,16.000000,44.378915,18.000000,17.653128,22.000000,34.981972,23.000000,396.826718,1.000000,227.315898,3.000000,128.069767,7.000000,75.571380,9.000000,70.229869,12.000000,59.558692,13.000000,41.146859,17.000000,40.580087,18.000000,40.855440,22.000000,29.150406,23.000000,74.010000,45.830000,45.400000,45.141746,42.511547,-47.990000,-45.170000,-49.600000,-43.172331,-53.119761,122.000000,91.000000,95.000000,88.314077,95.631309,20.736198,16.375015,21.421485,16.415642,22.426841,-0.000000,-0.000000,-0.000000,-0.000000,0.000000,298.246228,1.000000,508.229853,3.000000,421.373460,6.000000,131.668226,8.000000,201.861184,12.000000,203.904966,13.000000,222.758971,16.000000,82.917418,18.000000,38.476985,21.000000,124.393996,24.000000,307.679087,1.000000,185.765701,3.000000,163.459661,7.000000,236.210617,9.000000,136.785167,11.000000,162.702568,13.000000,102.681142,17.000000,128.698626,18.000000,159.500255,21.000000,127.125382,23.000000,364.919090,1.000000,209.280360,4.000000,105.441837,7.000000,214.504306,8.000000,128.807540,12.000000,93.301763,14.000000,225.102051,16.000000,296.893244,19.000000,132.126855,22.000000,191.078612,23.000000,301.789891,1.000000,205.014115,3.000000,148.971601,7.000000,241.373654,9.000000,145.368924,11.000000,161.441422,13.000000,107.439687,17.000000,101.475193,18.000000,158.220804,21.000000,123.990691,23.000000,414.193150,1.000000,330.333777,4.000000,211.929922,7.000000,214.595958,8.000000,127.884481,12.000000,105.869546,14.000000,191.501764,16.000000,277.115139,19.000000,131.603884,22.000000,199.115131,23.000000,0.000000
6.610000,6.690000,5.350000,-4.390000,-6.310000,-6.650000,11.000000,13.000000,12.000000,2.420310,2.791756,3.031089,-0.000000,-0.000000,-0.000000,2.942457,1.000000,34.686478,3.000000,18.583979,7.000000,29.464247,9.000000,38.049652,11.000000,15.949221,13.000000,49.002508,16.000000,24.458704,19.000000,12.060941,22.000000,25.172738,23.000000,29.361716,2.000000,12.952077,3.000000,18.156708,7.000000,44.919828,10.000000,58.199424,11.000000,18.238801,14.000000,22.061429,17.000000,38.243469,18.000000,33.840349,22.000000,31.419713,24.000000,5.589481,1.000000,38.939373,4.000000,28.841800,7.000000,68.196762,9.000000,53.686748,12.000000,30.971454,14.000000,20.561201,16.000000,26.514424,19.000000,20.590795,22.000000,19.401555,23.000000,16.810000,38.230000,14.270000,-16.190000,-31.770000,-25.730000,33.000000,70.000000,40.000000,6.380744,14.922369,9.851756,0.000000,-0.000000,-0.000000,194.152692,2.000000,67.648479,3.000000,93.796399,6.000000,86.540809,9.000000,57.638928,12.000000,50.669568,14.000000,24.186522,16.000000,36.129125,19.000000,20.129071,21.000000,47.614365,25.000000,199.373827,2.000000,303.438671,4.000000,319.268415,6.000000,209.014508,9.000000,124.131282,11.000000,89.609841,13.000000,93.101373,16.000000,45.378590,19.000000,28.828021,21.000000,47.931601,23.000000,430.327612,2.000000,132.478049,3.000000,85.442918,6.000000,56.248458,9.000000,32.752090,11.000000,35.858448,13.000000,28.024728,16.000000,16.683316,20.000000,22.320475,22.000000,18.352165,23.000000,53.410000,46.230000,52.830000,46.024053,56.806838,-65.590000,-45.770000,-43.170000,-46.236701,-49.090764,119.000000,92.000000,96.000000,92.260754,105.897602,23.961258,19.579507,18.015024,19.667036,19.763293,-0.000000,0.000000,-0.000000,0.000000,0.000000,612.370124,1.000000,314.400367,4.000000,419.142799,6.000000,304.286925,9.000000,62.668983,11.000000,245.956449,14.000000,70.438881,16.000000,136.412913,18.000000,141.468232,22.000000,85.857077,23.000000,187.096037,2.000000,462.515581,4.000000,413.607701,7.000000,184.267394,9.000000,103.943842,12.000000,172.553875,14.000000,103.408078,17.000000,116.252874,18.000000,131.014363,21.000000,151.659475,24.000000,340.679831,1.000000,187.522283,4.000000,308.729506,7.000000,95.718900,9.000000,107.756911,12.000000,131.489485,13.000000,51.685486,16.000000,269.951323,19.000000,154.737581,22.000000,176.062479,24.000000,208.531302,2.000000,470.844167,4.000000,424.765394,7.000000,187.187430,9.000000,97.656560,12.000000,168.061219,14.000000,98.304877,17.000000,88.773158,18.000000,119.183892,21.000000,149.205328,24.000000,543.335898,1.000000,133.272892,4.000000,274.493087,7.000000,113.234465,10.000000,115.997629,12.000000,119.637689,13.000000,63.508938,16.000000,269.385839,19.000000,146.081066,22.000000,159.013179,23.000000,0.000000
5.830000,6.190000,5.530000,-4.170000,-5.810000,-5.470000,10.000000,12.000000,11.000000,2.664789,2.614173,2.688699,-0.000000,-0.000000,0.000000,52.041380,1.000000,21.994292,3.000000,29.426475,7.000000,39.186887,9.000000,36.962422,11.000000,16.732691,13.000000,50.952362,16.000000,22.900800,20.000000,7.369203,21.000000,20.113559,23.000000,33.097999,2.000000,27.448886,4.000000,37.088196,7.000000,35.323498,8.000000,50.831327,11.000000,18.175464,13.000000,34.000041,16.000000,28.951077,19.000000,23.664674,21.000000,22.276913,24.000000,42.233843,2.000000,57.009436,5.000000,44.878093,7.000000,17.071411,9.000000,32.066834,12.000000,15.316645,13.000000,13.172236,17.000000,39.249253,20.000000,18.515787,21.000000,16.381460,25.000000,12.810000,38.260000,9.240000,-18.190000,-88.740000,-21.760000,31.000000,127.000000,31.000000,6.685350,24.968228,6.015181,0.000000,-0.000000,0.000000,110.838893,1.000000,156.144014,5.000000,126.964553,7.000000,139.314349,9.000000,15.794805,12.000000,27.921610,13.000000,34.331114,17.000000,26.544524,19.000000,32.778435,22.000000,22.896641,23.000000,737.188254,2.000000,653.163357,3.000000,480.512329,7.000000,194.142558,8.000000,54.208476,11.000000,69.061863,14.000000,32.786918,17.000000,28.238550,20.000000,49.150099,22.000000,40.328058,24.000000,185.104639,1.000000,110.049821,5.000000,130.881766,7.000000,79.403395,9.000000,23.007307,12.000000,35.233490,14.000000,7.431392,16.000000,14.658304,19.000000,17.519390,21.000000,9.215781,25.000000,67.270000,38.500000,85.790000,35.754775,60.515426,-104.730000,-35.500000,-52.210000,-38.346227,-44.983667,172.000000,74.000000,138.000000,74.101002,105.499093,30.546311,15.432757,23.037055,15.596248,19.149576,0.000000,0.000000,0.000000,0.000000,-0.000000,613.133656,2.000000,901.471374,4.000000,471.753711,6.000000,264.772960,10.000000,248.826947,11.000000,119.630247,14.000000,80.650617,17.000000,83.136763,20.000000,131.838092,21.000000,113.507480,25.000000,154.972290,2.000000,173.286894,3.000000,239.972469,7.000000,250.463166,10.000000,154.483593,11.000000,99.278673,15.000000,171.288749,16.000000,150.441634,19.000000,101.536795,21.000000,78.506286,23.000000,466.394565,1.000000,374.749162,3.000000,379.785957,7.000000,282.968340,9.000000,93.073293,11.000000,256.751333,13.000000,205.096876,16.000000,190.530961,20.000000,79.679580,21.000000,186.393143,24.000000,177.070608,2.000000,180.283890,3.000000,242.540272,7.000000,254.210676,10.000000,159.711908,11.000000,98.035582,15.000000,171.501793,16.000000,150.873818,19.000000,95.790962,21.000000,72.562295,23.000000,259.996484,1.000000,255.043034,4.000000,207.608200,7.000000,289.503161,9.000000,194.641397,11.000000,238.755131,14.000000,218.932417,16.000000,173.850789,20.000000,52.991682,21.000000,214.448564,25.000000,0.000000
5.080000,5.800000,6.360000,-4.920000,-4.200000,-5.640000,10.000000,10.000000,12.000000,2.427674,2.760435,2.765936,-0.000000,-0.000000,0.000000,43.939378,1.000000,21.077036,4.000000,16.863375,7.000000,23.022055,8.000000,24.912236,11.000000,38.085327,13.000000,36.559335,17.000000,31.974149,18.000000,19.062832,21.000000,30.308506,25.000000,34.530721,1.000000,30.136050,4.000000,18.081705,6.000000,38.299934,8.000000,18.111841,11.000000,54.389973,13.000000,37.491511,17.000000,16.735144,18.000000,20.725057,22.000000,20.904417,24.000000,32.244321,1.000000,44.363492,3.000000,18.994688,7.000000,28.437519,9.000000,37.932491,11.000000,25.043857,13.000000,24.637692,17.000000,39.566861,18.000000,46.758150,22.000000,17.759952,24.000000,21.180000,23.460000,21.830000,-18.820000,-21.540000,-16.170000,40.000000,45.000000,38.000000,8.481014,9.931183,9.711905,0.000000,0.000000,-0.000000,286.258370,1.000000,77.062057,4.000000,69.915026,7.000000,78.864051,9.000000,59.230569,11.000000,54.746460,14.000000,50.293402,17.000000,38.042813,19.000000,32.018223,21.000000,42.132804,24.000000,232.663985,1.000000,212.898902,3.000000,265.920615,6.000000,131.415955,9.000000,77.524503,12.000000,39.064763,13.000000,24.118772,16.000000,20.792590,18.000000,22.498263,22.000000,14.140450,24.000000,439.688385,1.000000,89.459155,3.000000,46.421640,6.000000,46.582465,9.000000,44.129367,11.000000,45.444355,13.000000,7.946863,17.000000,20.534755,19.000000,26.366956,21.000000,16.187609,24.000000,29.230000,32.400000,38.890000,38.253962,38.370334,-31.770000,-37.600000,-60.110000,-34.327559,-58.812432,61.000000,70.000000,99.000000,72.581520,97.182767,15.043839,14.569832,21.101135,14.431723,19.538139,0.000000,0.000000,-0.000000,-0.000000,-0.000000,434.713598,1.000000,232.974120,3.000000,222.351080,6.000000,92.603134,8.000000,131.415356,11.000000,174.052207,13.000000,94.893031,16.000000,134.092792,20.000000,81.659214,21.000000,88.161505,23.000000,145.661264,2.000000,181.869112,5.000000,277.922367,6.000000,125.096754,10.000000,88.389133,12.000000,155.364390,14.000000,150.723619,17.000000,132.682140,19.000000,88.503918,22.000000,77.918520,23.000000,273.347345,1.000000,301.782703,3.000000,191.066207,7.000000,282.034492,8.000000,95.104751,11.000000,200.813547,15.000000,270.329880,17.000000,137.725967,18.000000,151.240683,22.000000,145.827705,25.000000,124.817374,2.000000,191.472690,5.000000,283.543551,6.000000,113.092113,8.000000,93.133009,12.000000,145.287193,13.000000,147.053723,17.000000,132.427570,19.000000,80.327214,22.000000,70.881921,23.000000,212.598922,2.000000,294.916846,3.000000,246.633379,7.000000,239.131121,9.000000,59.302398,11.000000,194.942602,14.000000,243.371714,17.000000,140.870820,18.000000,166.721386,22.000000,122.918109,25.000000,0.000000
5.980000,9.140000,6.640000,-6.020000,-4.860000,-5.360000,12.000000,14.000000,12.000000,2.734886,2.580775,2.847876,0.000000,0.000000,-0.000000,44.295431,2.000000,32.330095,4.000000,55.087968,7.000000,32.428685,9.000000,44.479058,12.000000,24.347833,14.000000,24.964553,17.000000,16.352574,18.000000,23.673236,21.000000,31.098720,24.000000,23.800049,1.000000,27.269437,4.000000,31.462276,6.000000,24.667411,8.000000,29.369063,11.000000,37.362126,15.000000,37.303389,16.000000,38.854843,19.000000,25.704284,21.000000,19.830076,23.000000,41.841409,1.000000,40.547275,5.000000,31.509719,6.000000,47.386549,8.000000,28.900333,11.000000,41.716010,13.000000,27.647414,16.000000,20.383767,18.000000,21.385813,21.000000,20.220432,23.000000,13.100000,29.320000,17.540000,-12.900000,-40.680000,-28.460000,26.000000,70.000000,46.000000,5.510898,16.056700,9.790220,-0.000000,-0.000000,0.000000,172.402435,1.000000,66.926651,3.000000,97.207712,6.000000,56.425358,9.000000,67.029658,12.000000,37.538074,13.000000,21.261137,17.000000,28.755250,20.000000,30.002542,21.000000,22.922309,23.000000,476.042111,1.000000,321.529436,3.000000,375.880850,6.000000,81.713604,8.000000,143.359950,11.000000,72.226699,14.000000,25.747247,16.000000,21.767079,18.000000,22.951997,21.000000,27.529217,25.000000,365.965698,2.000000,171.990355,3.000000,141.858594,7.000000,69.180296,9.000000,94.342197,11.000000,34.780085,14.000000,28.720313,17.000000,24.718719,19.000000,13.201471,22.000000,22.489454,23.000000,96.310000,45.850000,75.810000,31.310321,66.215593,-80.690000,-33.150000,-51.190000,-42.365319,-53.572802,177.000000,79.000000,127.000000,73.675641,119.788396,38.076947,14.984242,25.040246,14.576832,21.909486,-0.000000,-0.000000,-0.000000,-0.000000,-0.000000,1474.165143,1.000000,417.981692,3.000000,301.705251,6.000000,240.054058,8.000000,304.155580,11.000000,160.911575,15.000000,115.986247,17.000000,176.610183,18.000000,159.168978,21.000000,140.944908,24.000000,300.783017,2.000000,218.620931,4.000000,204.519424,6.000000,216.141601,9.000000,71.854586,11.000000,93.046020,13.000000,88.052195,16.000000,58.090405,18.000000,210.582977,21.000000,152.436882,25.000000,694.297062,1.000000,318.281343,3.000000,301.019215,7.000000,187.639457,9.000000,220.411085,12.000000,224.655045,14.000000,136.872331,17.000000,172.412641,20.000000,240.932891,22.000000,76.497673,25.000000,266.483862,2.000000,215.452520,4.000000,193.805744,6.000000,215.522658,10.000000,72.885790,11.000000,106.919250,13.000000,76.852998,16.000000,65.240680,18.000000,206.060890,21.000000,154.543178,25.000000,421.917452,1.000000,200.793372,4.000000,332.605771,7.000000,233.123249,9.000000,285.300307,12.000000,207.141681,14.000000,117.216623,17.000000,199.657540,19.000000,240.669539,21.000000,89.151329,25.000000,0.000000
5.400000,6.060000,5.580000,-3.600000,-5.940000,-7.420000,9.000000,12.000000,13.000000,2.163331,2.622289,2.680224,-0.000000,0.000000,0.000000,21.473184,2.000000,28.928828,5.000000,13.731895,7.000000,38.380841,10.000000,17.069403,11.000000,21.880861,14.000000,33.798639,17.000000,14.306321,20.000000,29.710734,21.000000,11.929997,24.000000,46.994686,2.000000,33.248832,3.000000,21.756103,6.000000,34.017576,8.000000,30.392599,11.000000,33.652956,13.000000,27.657106,17.000000,34.956204,20.000000,20.873675,21.000000,29.783724,23.000000,9.148956,1.000000,57.153891,5.000000,47.525892,7.000000,21.568277,10.000000,39.816225,12.000000,20.050071,13.000000,23.687080,17.000000,30.672782,20.000000,33.372668,22.000000,17.560399,24.000000,18.440000,44.550000,20.110000,-18.560000,-34.450000,-16.890000,37.000000,79.000000,37.000000,8.381313,19.164224,9.685964,-0.000000,-0.000000,0.000000,296.516262,1.000000,135.552660,5.000000,63.218927,7.000000,76.795268,9.000000,46.492267,12.000000,10.193895,15.000000,22.532582,16.000000,31.257926,18.000000,29.938885,22.000000,28.287761,25.000000,621.972417,1.000000,397.590558,5.000000,167.723895,6.000000,165.189249,8.000000,102.720807,11.000000,52.795657,13.000000,32.043727,16.000000,34.123894,19.000000,33.282422,21.000000,30.924350,23.000000,316.154621,1.000000,159.275345,5.000000,29.425378,6.000000,56.254686,9.000000,26.768425,11.000000,23.013178,13.000000,11.911058,16.000000,21.680031,18.000000,21.014483,21.000000,11.850961,25.000000,56.430000,35.400000,50.810000,57.443273,43.079757,-41.570000,-56.600000,-55.190000,-32.842557,-54.821479,98.000000,92.000000,106.000000,90.285830,97.901236,18.547914,16.694310,21.510786,16.365982,20.751982,0.000000,0.000000,-0.000000,-0.000000,-0.000000,478.266758,1.000000,326.937852,5.000000,128.568257,6.000000,194.239084,8.000000,228.782449,12.000000,90.077006,14.000000,97.262681,17.000000,52.858622,20.000000,51.365147,21.000000,130.005225,25.000000,310.584732,1.000000,220.728851,3.000000,235.179654,6.000000,210.255897,10.000000,120.633790,12.000000,247.111714,13.000000,45.747350,16.000000,145.293665,18.000000,131.305521,21.000000,111.479501,24.000000,628.149725,1.000000,161.538860,3.000000,219.581969,6.000000,209.011321,9.000000,131.896221,11.000000,112.410714,14.000000,186.739837,17.000000,114.138807,19.000000,155.093913,21.000000,165.224014,23.000000,254.914281,1.000000,224.117206,3.000000,249.521869,6.000000,195.629488,10.000000,121.660409,12.000000,240.650074,13.000000,60.338501,16.000000,144.034254,18.000000,131.667879,21.000000,107.641396,24.000000,577.770543,1.000000,116.109660,3.000000,234.904236,6.000000,182.673773,9.000000,123.600890,11.000000,119.208381,14.000000,188.252923,17.000000,106.546986,19.000000,162.804093,21.000000,178.850357,23.000000,0.000000
5.880000,6.120000,4.640000,-8.120000,-6.880000,-6.360000,14.000000,13.000000,11.000000,2.909570,2.840000,2.422891,-0.000000,-0.000000,-0.000000,48.233587,1.000000,50.545542,4.000000,43.938091,7.000000,43.253774,10.000000,29.601968,11.000000,23.036456,15.000000,17.763281,16.000000,43.393303,18.000000,13.253379,22.000000,20.350696,25.000000,30.018784,2.000000,48.259434,4.000000,47.977734,6.000000,25.418232,8.000000,51.588885,11.000000,38.936480,14.000000,32.425334,16.000000,32.018295,19.000000,25.357593,22.000000,12.008944,25.000000,42.028533,1.000000,39.497834,3.000000,38.700993,7.000000,24.416578,9.000000,23.359039,12.000000,26.264644,13.000000,17.592608,17.000000,20.290212,19.000000,19.376814,21.000000,19.119624,24.000000,13.690000,33.920000,13.380000,-12.310000,-28.080000,-12.620000,26.000000,62.000000,26.000000,5.918944,13.566636,7.221883,-0.000000,0.000000,-0.000000,188.718778,1.000000,28.604966,4.000000,58.589612,6.000000,92.901231,9.000000,17.349501,11.000000,13.472605,13.000000,22.456555,16.000000,41.553448,18.000000,11.134196,21.000000,21.947632,25.000000,516.416353,1.000000,156.677370,5.000000,234.653713,7.000000,129.793850,9.000000,53.232803,11.000000,41.152117,13.000000,22.285751,17.000000,18.760049,20.000000,20.063251,21.000000,23.511578,25.000000,235.052223,1.000000,112.718155,4.000000,97.610822,7.000000,53.067873,9.000000,28.314573,11.000000,24.993735,14.000000,21.873470,16.000000,25.657951,20.000000,17.672958,21.000000,10.088739,24.000000,53.770000,39.390000,48.640000,47.945522,42.527908,-68.230000,-48.610000,-91.360000,-39.575568,-93.760164,122.000000,88.000000,140.000000,87.521090,136.288072,26.307358,16.070404,20.542892,15.647222,21.827822,-0.000000,-0.000000,-0.000000,0.000000,0.000000,783.137308,1.000000,209.088130,5.000000,255.001153,6.000000,95.349344,9.000000,165.775928,12.000000,301.292567,13.000000,99.188545,16.000000,148.451572,19.000000,136.066778,22.000000,123.954596,25.000000,178.277547,1.000000,302.072651,4.000000,276.844337,7.000000,148.133617,9.000000,150.931100,12.000000,182.596042,13.000000,104.356233,16.000000,82.052465,20.000000,131.546096,21.000000,133.054938,23.000000,501.938026,1.000000,200.295982,4.000000,276.938158,7.000000,296.500619,9.000000,118.346270,12.000000,145.540237,14.000000,160.268534,17.000000,162.225728,20.000000,193.502024,21.000000,147.714640,25.000000,119.308406,1.000000,296.014187,4.000000,292.764215,7.000000,146.725343,9.000000,155.710868,12.000000,169.858608,13.000000,117.058507,16.000000,89.512994,20.000000,142.760433,21.000000,117.509174,23.000000,581.063279,1.000000,156.069878,4.000000,235.690287,6.000000,297.376671,9.000000,116.198295,12.000000,222.157907,14.000000,162.147480,17.000000,157.094827,20.000000,160.320149,21.000000,159.092772,25.000000,0.000000
6.020000,5.000000,3.880000,-4.980000,-5.000000,-4.120000,11.000000,10.000000,8.000000,2.709170,2.824889,1.888280,0.000000,0.000000,-0.000000,26.675195,1.000000,41.714162,3.000000,42.351395,6.000000,40.666550,10.000000,34.624351,12.000000,23.009146,15.000000,22.742233,17.000000,42.078369,18.000000,26.424435,21.000000,8.052526,24.000000,32.828231,2.000000,28.871874,3.000000,38.846752,6.000000,30.907713,9.000000,38.117039,11.000000,41.982146,14.000000,26.164812,17.000000,50.166288,18.000000,17.334561,22.000000,20.682090,24.000000,32.301672,1.000000,22.113646,5.000000,31.793767,6.000000,18.026662,9.000000,16.046685,11.000000,16.791929,14.000000,24.392612,16.000000,23.813262,19.000000,9.685170,21.000000,25.389943,23.000000,13.490000,22.180000,11.570000,-12.510000,-16.820000,-15.430000,26.000000,39.000000,27.000000,5.606238,8.246672,7.091199,-0.000000,0.000000,-0.000000,189.941046,1.000000,59.955761,4.000000,55.953464,7.000000,65.746594,9.000000,36.418559,12.000000,36.404322,14.000000,7.643489,17.000000,49.545878,18.000000,27.048235,21.000000,34.773343,25.000000,251.581395,1.000000,125.345267,5.000000,126.846489,6.000000,138.132692,10.000000,93.394072,12.000000,54.373840,15.000000,42.887649,16.000000,30.740957,20.000000,30.670354,21.000000,23.893602,24.000000,286.494538,1.000000,54.005574,4.000000,49.543994,7.000000,36.419938,10.000000,14.954596,11.000000,13.863512,13.000000,15.289454,17.000000,12.113000,20.000000,10.543673,21.000000,12.028838,23.000000,49.350000,32.730000,33.750000,30.477778,34.568821,-47.650000,-30.270000,-47.250000,-33.310111,-50.543653,97.000000,63.000000,81.000000,63.787889,85.112474,19.750633,12.797543,16.425209,12.540042,15.818785,0.000000,0.000000,0.000000,-0.000000,-0.000000,683.759953,1.000000,151.137403,3.000000,140.521994,6.000000,197.663873,10.000000,157.564493,12.000000,209.034280,14.000000,84.048707,17.000000,95.479241,19.000000,92.295943,21.000000,112.862683,24.000000,119.108725,2.000000,166.095095,5.000000,165.459999,6.000000,205.142906,8.000000,116.031542,12.000000,105.814855,13.000000,90.956862,17.000000,140.186388,18.000000,138.080390,21.000000,85.835900,25.000000,169.180033,1.000000,186.617438,4.000000,74.838280,6.000000,168.970187,9.000000,46.921630,11.000000,28.885382,13.000000,122.806760,16.000000,150.320015,18.000000,48.195310,22.000000,155.743443,24.000000,118.251912,2.000000,160.081835,5.000000,167.420771,6.000000,195.719500,8.000000,111.968957,12.000000,102.713984,13.000000,89.814780,17.000000,133.065629,19.000000,136.337437,21.000000,90.169210,23.000000,108.433973,2.000000,171.475106,3.000000,48.713948,6.000000,194.024921,9.000000,51.260557,12.000000,58.515652,14.000000,136.567628,16.000000,169.678015,18.000000,64.025769,21.000000,161.680839,24.000000,0.000000
7.120000,7.820000,5.080000,-5.880000,-7.180000,-5.920000,13.000000,15.000000,11.000000,2.702887,3.395232,2.464467,0.000000,0.000000,0.000000,73.017119,1.000000,25.962112,3.000000,18.234450,6.000000,31.043866,10.000000,22.053310,12.000000,32.828701,15.000000,12.991917,16.000000,23.147810,20.000000,33.174747,22.000000,23.149042,23.000000,23.488909,2.000000,43.351974,5.000000,47.744768,7.000000,30.266987,8.000000,47.119953,11.000000,26.470261,14.000000,64.449734,17.000000,31.493922,19.000000,25.553957,22.000000,38.183669,24.000000,29.698377,1.000000,26.998386,5.000000,30.991698,6.000000,18.965993,8.000000,46.614693,11.000000,32.216340,15.000000,30.502729,17.000000,19.161177,19.000000,34.413860,21.000000,29.942476,24.000000,19.160000,31.540000,17.960000,-17.840000,-33.460000,-21.040000,37.000000,65.000000,39.000000,7.129825,16.462940,7.619606,-0.000000,0.000000,0.000000,229.457577,2.000000,146.459169,4.000000,28.113281,7.000000,101.192245,9.000000,43.176991,11.000000,43.644652,14.000000,23.505111,16.000000,25.988654,18.000000,25.965492,21.000000,31.105058,23.000000,435.794482,1.000000,369.903858,3.000000,281.208856,6.000000,186.174799,10.000000,191.036629,11.000000,85.997652,15.000000,58.125694,16.000000,66.185421,20.000000,61.940923,22.000000,48.956932,24.000000,205.386135,1.000000,206.860471,3.000000,89.659210,6.000000,66.175735,9.000000,45.422638,11.000000,42.169753,14.000000,42.440711,17.000000,23.652675,20.000000,20.649279,22.000000,9.817613,25.000000,55.740000,39.300000,61.390000,59.362666,69.225867,-71.260000,-57.700000,-52.610000,-37.927753,-59.869582,127.000000,97.000000,114.000000,97.290419,129.095448,24.506579,18.584133,20.233089,18.396964,22.380943,0.000000,0.000000,-0.000000,-0.000000,-0.000000,763.843893,1.000000,379.255727,3.000000,220.774599,6.000000,123.172722,8.000000,255.793718,11.000000,210.535825,14.000000,175.018249,16.000000,135.034724,18.000000,96.999913,21.000000,89.287359,24.000000,233.375663,2.000000,484.031079,4.000000,30.362679,7.000000,233.274828,10.000000,148.890007,12.000000,203.811570,14.000000,123.481756,16.000000,188.149178,19.000000,101.627959,22.000000,137.680765,23.000000,375.047473,2.000000,247.052635,3.000000,160.050000,6.000000,157.204561,10.000000,181.161541,12.000000,163.442287,14.000000,150.477944,17.000000,189.504687,20.000000,145.077286,22.000000,158.588090,23.000000,259.846128,2.000000,475.205564,4.000000,37.505745,6.000000,221.208737,9.000000,152.218857,12.000000,196.402314,14.000000,117.916766,16.000000,180.147804,19.000000,106.269083,22.000000,131.687649,23.000000,560.599393,1.000000,260.609122,3.000000,168.813964,6.000000,161.190146,10.000000,108.084687,12.000000,173.719242,13.000000,125.386633,17.000000,208.868491,20.000000,146.119618,22.000000,145.583170,23.000000,0.000000
6.600000,4.980000,4.980000,-5.400000,-5.020000,-6.020000,12.000000,10.000000,11.000000,3.091925,2.357880,2.905099,0.000000,-0.000000,-0.000000,30.048985,1.000000,41.955440,4.000000,43.152797,7.000000,68.390304,9.000000,29.885132,12.000000,44.294854,13.000000,14.509526,16.000000,36.344511,18.000000,27.474231,21.000000,18.827510,23.000000,18.057292,2.000000,38.629935,3.000000,29.698796,7.000000,26.691942,9.000000,33.654529,11.000000,32.908911,14.000000,15.224197,17.000000,21.829820,20.000000,21.319250,22.000000,25.414825,25.000000,43.900919,1.000000,20.012421,5.000000,34.977931,7.000000,33.789455,8.000000,17.070994,12.000000,42.184073,14.000000,38.096237,17.000000,36.365805,19.000000,34.651150,21.000000,26.621487,24.000000,27.860000,36.380000,18.160000,-22.140000,-18.620000,-15.840000,50.000000,55.000000,34.000000,11.678202,11.622203,7.468226,0.000000,-0.000000,-0.000000,477.601408,1.000000,210.547088,3.000000,93.720328,6.000000,49.794548,9.000000,60.176025,12.000000,41.058475,14.000000,13.920016,17.000000,32.661449,19.000000,38.080825,21.000000,35.738158,25.000000,302.416788,1.000000,224.799414,3.000000,149.762823,7.000000,112.577023,9.000000,131.053691,12.000000,72.687934,13.000000,49.750116,16.000000,44.642256,19.000000,41.022693,21.000000,39.262112,24.000000,285.911725,2.000000,139.600319,3.000000,47.985484,7.000000,41.653306,9.000000,64.931026,12.000000,32.011920,13.000000,42.417805,16.000000,24.353481,19.000000,30.579857,21.000000,19.440018,23.000000,69.460000,45.910000,59.080000,42.601564,53.608363,-45.540000,-47.090000,-52.920000,-47.920204,-53.258706,115.000000,93.000000,112.000000,90.521768,106.867069,25.494086,20.347037,25.967164,19.227215,26.915598,0.000000,-0.000000,-0.000000,-0.000000,-0.000000,711.714702,1.000000,461.525733,5.000000,218.448995,6.000000,160.480557,8.000000,200.088878,12.000000,94.441797,13.000000,147.850697,17.000000,98.587852,19.000000,122.979796,21.000000,138.285258,24.000000,475.024788,1.000000,414.086624,4.000000,237.896167,6.000000,238.397877,8.000000,179.985793,12.000000,116.210397,13.000000,134.461829,17.000000,151.978750,19.000000,116.769012,22.000000,78.778735,25.000000,944.960433,1.000000,144.234415,5.000000,301.316382,6.000000,267.722408,10.000000,113.649232,11.000000,118.954174,13.000000,201.723206,17.000000,194.964258,19.000000,62.935884,22.000000,91.922421,23.000000,390.260159,1.000000,403.246254,4.000000,257.722101,6.000000,228.404406,8.000000,182.467084,12.000000,110.121366,13.000000,134.125396,17.000000,137.551941,19.000000,114.466791,22.000000,73.111007,25.000000,973.822764,1.000000,183.279315,5.000000,277.617320,6.000000,288.426601,8.000000,112.494262,11.000000,105.940090,15.000000,227.934484,17.000000,180.689560,19.000000,88.669998,21.000000,64.722608,23.000000,0.000000
6.660000,4.740000,5.640000,-8.340000,-7.260000,-7.360000,15.000000,12.000000,13.000000,2.728443,2.961824,2.910395,-0.000000,0.000000,-0.000000,51.068443,1.000000,18.027959,5.000000,29.951453,6.000000,24.244924,10.000000,30.076508,12.000000,37.930939,13.000000,29.273617,16.000000,45.348752,20.000000,31.322586,22.000000,11.309304,24.000000,31.255873,1.000000,53.333059,3.000000,15.754926,6.000000,45.513209,9.000000,23.709713,12.000000,36.509949,14.000000,45.633802,17.000000,25.639857,18.000000,38.953798,22.000000,25.776780,23.000000,34.034697,1.000000,12.719929,5.000000,41.611439,7.000000,45.796288,9.000000,44.176655,11.000000,34.653373,15.000000,47.205621,16.000000,15.743020,18.000000,22.135736,22.000000,20.974036,25.000000,19.420000,20.490000,8.170000,-13.580000,-18.510000,-19.830000,33.000000,39.000000,28.000000,5.960168,8.245599,6.376606,0.000000,0.000000,-0.000000,191.399384,1.000000,87.929888,3.000000,55.732223,6.000000,85.673190,9.000000,48.220154,11.000000,51.793013,14.000000,30.386528,16.000000,34.504061,19.000000,28.424462,21.000000,30.871675,25.000000,193.709628,2.000000,197.547466,5.000000,147.589656,6.000000,85.386315,8.000000,41.366690,12.000000,44.869615,14.000000,18.983245,16.000000,27.902485,19.000000,17.847039,21.000000,22.397131,23.000000,246.787225,2.000000,111.817868,5.000000,54.825442,7.000000,55.720573,8.000000,28.572363,11.000000,44.922444,14.000000,35.949414,17.000000,16.241604,19.000000,25.116679,21.000000,19.486048,25.000000,51.360000,42.030000,47.010000,36.918878,47.364063,-48.640000,-37.970000,-63.990000,-41.544513,-63.425632,100.000000,80.000000,111.000000,78.463391,110.789695,21.455312,16.527828,20.685016,15.669455,22.373118,0.000000,0.000000,-0.000000,0.000000,0.000000,711.481292,1.000000,298.387414,5.000000,192.203514,6.000000,281.295643,9.000000,216.991883,12.000000,206.045779,14.000000,103.338156,17.000000,63.786313,18.000000,87.633104,21.000000,58.019697,25.000000,400.579823,1.000000,293.085457,4.000000,283.102320,6.000000,169.842002,9.000000,193.128385,11.000000,147.824626,14.000000,134.648305,17.000000,133.342225,18.000000,174.883840,21.000000,74.483573,25.000000,390.917814,1.000000,199.892532,4.000000,177.288355,7.000000,169.059676,9.000000,132.815761,12.000000,200.927611,15.000000,79.735767,17.000000,180.682446,18.000000,148.966465,21.000000,188.967491,25.000000,358.880828,1.000000,272.773710,4.000000,282.842149,6.000000,157.225559,9.000000,180.523362,11.000000,134.115902,14.000000,130.619145,16.000000,124.771430,19.000000,173.233575,21.000000,70.648745,25.000000,538.703792,1.000000,196.920088,4.000000,216.338339,7.000000,225.813935,9.000000,187.963819,12.000000,204.369716,15.000000,82.870754,17.000000,173.455550,18.000000,138.718519,21.000000,187.128042,25.000000,0.000000
4.790000,7.590000,7.570000,-4.210000,-5.410000,-5.430000,9.000000,13.000000,13.000000,2.684381,2.630950,2.612489,-0.000000,0.000000,-0.000000,52.777445,1.000000,34.239876,3.000000,26.195490,7.000000,29.453121,9.000000,29.667777,12.000000,37.380014,14.000000,44.674924,16.000000,24.813382,19.000000,25.525932,21.000000,20.252861,23.000000,52.311280,2.000000,43.025032,5.000000,32.525603,7.000000,22.350249,9.000000,11.834345,11.000000,30.030097,15.000000,22.403446,17.000000,31.000272,19.000000,29.597923,21.000000,28.701568,23.000000,39.394368,1.000000,24.645193,4.000000,18.252319,7.000000,35.783268,8.000000,33.368872,11.000000,34.359321,14.000000,48.833601,16.000000,15.741818,19.000000,30.156848,22.000000,15.437098,25.000000,13.380000,26.460000,16.710000,-13.620000,-33.540000,-11.290000,27.000000,60.000000,28.000000,5.502327,11.925116,6.819523,-0.000000,-0.000000,0.000000,166.817965,1.000000,51.237433,4.000000,81.226859,6.000000,91.962938,9.000000,26.628637,12.000000,40.536193,14.000000,25.445932,17.000000,29.579575,19.000000,14.837206,21.000000,45.230049,23.000000,383.096906,1.000000,214.167712,3.000000,202.893012,6.000000,150.513300,10.000000,123.292445,12.000000,32.603702,14.000000,32.442359,16.000000,35.914595,18.000000,26.339530,21.000000,37.537521,23.000000,275.163602,1.000000,78.930337,3.000000,59.885055,7.000000,49.774448,9.000000,47.201011,12.000000,24.694984,13.000000,26.430228,16.000000,20.532907,19.000000,13.145080,22.000000,13.906630,23.000000,60.210000,34.960000,52.660000,41.487079,60.288631,-58.790000,-40.040000,-42.340000,-34.784148,-44.487082,119.000000,75.000000,95.000000,76.271228,104.775713,22.636826,15.900264,17.621703,15.403631,18.465131,0.000000,0.000000,0.000000,0.000000,0.000000,640.485460,1.000000,338.557348,3.000000,120.806823,7.000000,324.078822,9.000000,315.779737,12.000000,145.271587,14.000000,84.087770,17.000000,100.126461,18.000000,102.092786,22.000000,173.939409,23.000000,264.591574,2.000000,148.558145,5.000000,210.570639,7.000000,156.936274,10.000000,200.894501,12.000000,127.589528,13.000000,124.148897,16.000000,185.731343,19.000000,133.093521,21.000000,150.056612,23.000000,218.810048,1.000000,186.077844,3.000000,257.532445,6.000000,130.530576,9.000000,126.763507,11.000000,127.739039,14.000000,105.011291,16.000000,157.420002,18.000000,73.585784,21.000000,113.095303,23.000000,229.530999,2.000000,134.830371,5.000000,224.223660,7.000000,162.392588,10.000000,198.159824,12.000000,123.687308,13.000000,113.887938,16.000000,181.699071,19.000000,138.273929,21.000000,139.333634,23.000000,348.736832,1.000000,181.175540,3.000000,264.275502,7.000000,169.810171,9.000000,108.927623,11.000000,119.845131,14.000000,94.963025,16.000000,148.415529,18.000000,83.371037,21.000000,125.432250,23.000000,0.000000
4.880000,7.680000,6.840000,-4.120000,-4.320000,-5.160000,9.000000,12.000000,12.000000,1.924994,2.656614,2.737590,-0.000000,-0.000000,0.000000,12.265945,1.000000,30.971089,3.000000,29.579826,7.000000,13.739496,10.000000,23.926429,12.000000,27.253148,13.000000,22.089284,17.000000,29.428922,19.000000,10.941006,22.000000,17.738212,24.000000,18.946630,1.000000,47.272011,5.000000,18.255251,6.000000,25.336469,10.000000,62.420571,11.000000,17.637286,14.000000,37.843717,16.000000,26.296729,19.000000,32.093955,21.000000,19.401573,25.000000,42.553070,1.000000,41.024718,5.000000,28.555086,6.000000,21.284338,8.000000,38.055210,12.000000,25.078078,15.000000,41.232691,17.000000,41.729092,19.000000,11.908329,21.000000,22.327126,25.000000,27.630000,58.550000,56.540000,-22.370000,-31.450000,-17.460000,50.000000,90.000000,74.000000,12.927997,13.838623,16.092495,-0.000000,-0.000000,-0.000000,455.007973,1.000000,102.420267,3.000000,150.687434,7.000000,124.867160,9.000000,38.533630,12.000000,76.746467,14.000000,46.526577,16.000000,44.081865,18.000000,32.133965,21.000000,40.179849,23.000000,158.422047,1.000000,149.510113,3.000000,268.335249,7.000000,313.760950,8.000000,199.994050,11.000000,138.303241,14.000000,109.828893,16.000000,71.049672,18.000000,68.189943,21.000000,69.778951,24.000000,634.722172,1.000000,169.830051,4.000000,175.090772,6.000000,164.290361,9.000000,96.980732,11.000000,97.773573,14.000000,107.717788,16.000000,66.013679,18.000000,44.392874,22.000000,44.623431,23.000000,94.960000,51.240000,49.310000,60.908227,43.481227,-41.040000,-63.760000,-51.690000,-52.617402,-52.980936,136.000000,115.000000,101.000000,113.525629,96.462163,22.543256,22.566843,19.215460,22.459758,19.211692,-0.000000,-0.000000,0.000000,0.000000,-0.000000,476.839433,1.000000,283.404923,5.000000,448.380041,7.000000,213.092370,8.000000,354.114419,12.000000,306.983181,14.000000,142.345199,17.000000,106.711460,20.000000,73.360039,21.000000,43.253332,24.000000,505.280979,1.000000,362.079580,3.000000,247.539625,6.000000,246.853769,9.000000,241.080422,12.000000,165.631237,14.000000,181.726222,17.000000,156.340973,19.000000,212.651879,21.000000,130.836040,24.000000,355.908441,2.000000,188.222864,5.000000,160.965028,6.000000,242.571488,9.000000,178.790373,12.000000,170.702261,14.000000,194.418918,16.000000,216.347041,18.000000,199.126146,22.000000,191.933157,23.000000,512.025710,1.000000,359.055261,3.000000,263.374230,6.000000,243.031382,9.000000,235.519767,12.000000,151.687943,14.000000,168.148560,17.000000,148.769077,19.000000,223.501065,21.000000,134.558698,24.000000,209.913701,2.000000,184.585268,4.000000,221.235064,6.000000,283.090659,9.000000,267.250344,12.000000,200.064297,15.000000,171.873653,16.000000,231.574933,18.000000,185.494658,22.000000,184.054358,23.000000,0.000000
6.760000,6.440000,12.260000,-5.240000,-5.560000,-6.740000,12.000000,12.000000,19.000000,2.653752,2.329463,3.161076,0.000000,-0.000000,-0.000000,25.775265,1.000000,16.015187,3.000000,32.966742,7.000000,20.981607,10.000000,53.455917,11.000000,34.447740,14.000000,33.623489,16.000000,34.213375,20.000000,25.888293,21.000000,33.883118,25.000000,17.997693,1.000000,27.972706,3.000000,33.380000,6.000000,27.994301,9.000000,27.353823,11.000000,23.900978,14.000000,18.754983,17.000000,27.858775,20.000000,21.205312,22.000000,36.042136,25.000000,30.624846,1.000000,51.950960,3.000000,38.035183,7.000000,33.343872,8.000000,42.252862,11.000000,18.786964,13.000000,50.246268,17.000000,32.042035,19.000000,48.377124,22.000000,25.015412,24.000000,28.730000,62.690000,55.350000,-41.270000,-61.310000,-33.650000,70.000000,124.000000,89.000000,15.423265,27.773979,21.554756,0.000000,0.000000,0.000000,600.894399,1.000000,219.286862,3.000000,258.887844,6.000000,89.846407,9.000000,88.943678,12.000000,84.202919,14.000000,53.296858,17.000000,54.467569,18.000000,47.313792,22.000000,41.722953,23.000000,744.991359,1.000000,628.857288,3.000000,716.638305,6.000000,175.143000,9.000000,298.760973,11.000000,104.903736,15.000000,54.046587,16.000000,60.994808,18.000000,64.515482,22.000000,56.587287,23.000000,965.304704,1.000000,265.249944,4.000000,180.791093,7.000000,114.330005,9.000000,102.612087,11.000000,67.116171,14.000000,58.248361,16.000000,43.109459,18.000000,33.362746,22.000000,38.601388,23.000000,73.230000,61.970000,64.910000,64.360740,56.831771,-80.770000,-63.030000,-71.090000,-60.670535,-65.547543,154.000000,125.000000,136.000000,125.031274,122.379314,34.544422,23.845106,23.692655,23.458520,22.399851,0.000000,-0.000000,0.000000,0.000000,-0.000000,657.736427,2.000000,850.266787,5.000000,771.414074,6.000000,210.684205,8.000000,425.023207,11.000000,256.629877,14.000000,106.460467,16.000000,118.678907,18.000000,108.524552,21.000000,99.601682,24.000000,572.353265,1.000000,386.420746,3.000000,432.779082,6.000000,166.285947,9.000000,306.981153,11.000000,160.709368,14.000000,107.875657,17.000000,196.132718,20.000000,127.172973,22.000000,185.633441,25.000000,291.703419,1.000000,295.397965,3.000000,421.247451,6.000000,189.189299,9.000000,92.140497,11.000000,178.119414,14.000000,353.218413,16.000000,119.458773,20.000000,157.388064,21.000000,116.511257,25.000000,554.054910,1.000000,387.384281,3.000000,442.058362,6.000000,183.984449,9.000000,293.512447,11.000000,144.442310,14.000000,107.090457,17.000000,187.759948,20.000000,116.044596,22.000000,178.854424,25.000000,240.667435,1.000000,207.901912,3.000000,254.245273,6.000000,214.058257,9.000000,191.109651,11.000000,197.230400,14.000000,367.958675,17.000000,117.316071,20.000000,126.840787,21.000000,105.303022,25.000000,0.000000
5.620000,6.480000,8.120000,-6.380000,-5.520000,-3.880000,12.000000,12.000000,12.000000,2.606837,2.733057,2.786683,0.000000,-0.000000,0.000000,53.473792,2.000000,28.453579,4.000000,39.599306,6.000000,21.167245,8.000000,31.416467,12.000000,30.991066,15.000000,28.393137,16.000000,24.752004,18.000000,21.730170,22.000000,23.601629,23.000000,32.161808,2.000000,41.495484,4.000000,34.685572,7.000000,20.010891,9.000000,31.031521,12.000000,34.573141,15.000000,21.187933,17.000000,39.337980,19.000000,22.638379,22.000000,19.865453,24.000000,60.450810,1.000000,39.925821,5.000000,49.731596,6.000000,22.961420,8.000000,25.412203,12.000000,19.738541,14.000000,28.087116,16.000000,26.483238,18.000000,38.400013,22.000000,14.394587,24.000000,15.240000,35.160000,16.790000,-15.760000,-53.840000,-18.210000,31.000000,89.000000,35.000000,6.939914,20.702522,9.249103,0.000000,-0.000000,-0.000000,213.213803,2.000000,106.889893,5.000000,106.038213,6.000000,105.104370,9.000000,49.311287,11.000000,31.673723,15.000000,35.134501,17.000000,25.148551,18.000000,11.588004,21.000000,34.489646,24.000000,487.645902,2.000000,592.383957,3.000000,368.254942,6.000000,184.145128,10.000000,92.284398,11.000000,22.710615,14.000000,21.379488,16.000000,14.799759,19.000000,11.392792,22.000000,22.965680,24.000000,322.076846,1.000000,193.047894,4.000000,107.711979,6.000000,62.376548,9.000000,42.309424,11.000000,21.819949,13.000000,28.892273,16.000000,24.267483,20.000000,18.811404,21.000000,12.576370,25.000000,64.010000,62.300000,51.560000,36.630929,52.497212,-77.990000,-36.700000,-59.440000,-59.615216,-63.470166,142.000000,99.000000,111.000000,96.246145,115.967378,28.504559,18.933832,21.964663,18.713673,21.168117,-0.000000,0.000000,0.000000,-0.000000,0.000000,699.262930,1.000000,684.000887,4.000000,439.148525,6.000000,320.411917,8.000000,125.748899,12.000000,158.550069,14.000000,150.078385,16.000000,66.748940,20.000000,86.642534,21.000000,130.138007,25.000000,304.120277,1.000000,426.272716,4.000000,292.474854,6.000000,246.199119,9.000000,139.734573,12.000000,138.203942,14.000000,115.796462,16.000000,84.935924,19.000000,30.876109,21.000000,109.974314,25.000000,346.382555,1.000000,331.381930,3.000000,333.934935,6.000000,179.420503,8.000000,232.744298,11.000000,123.848335,13.000000,151.616579,17.000000,185.899327,20.000000,168.135342,22.000000,154.285534,25.000000,292.775751,1.000000,413.690645,4.000000,285.833083,6.000000,251.604861,9.000000,141.263492,12.000000,140.634593,14.000000,102.030036,16.000000,91.991224,19.000000,24.710019,21.000000,101.229627,25.000000,374.441136,1.000000,236.205393,3.000000,244.819953,7.000000,217.413418,8.000000,225.715456,11.000000,130.633292,13.000000,144.948280,17.000000,170.764135,18.000000,164.140258,22.000000,152.577531,24.000000,0.000000
4.890000,7.090000,9.430000,-5.110000,-6.910000,-6.570000,10.000000,14.000000,16.000000,2.217634,2.672433,3.461950,0.000000,0.000000,0.000000,28.658324,1.000000,19.818400,3.000000,24.220148,6.000000,24.497434,10.000000,41.686772,11.000000,35.182200,13.000000,20.049282,17.000000,26.143697,18.000000,20.213241,22.000000,22.251955,24.000000,30.450533,2.000000,33.535765,4.000000,22.060659,6.000000,38.275695,10.000000,26.744776,11.000000,39.887098,14.000000,26.172286,16.000000,32.625867,20.000000,31.966680,22.000000,26.628196,23.000000,28.168711,2.000000,45.011802,3.000000,42.062275,6.000000,36.884837,8.000000,54.571568,12.000000,29.122504,14.000000,59.611318,16.000000,33.832444,18.000000,39.642568,21.000000,24.229500,24.000000,21.370000,27.760000,31.590000,-43.630000,-36.240000,-25.410000,65.000000,64.000000,57.000000,17.161967,12.876428,13.965024,0.000000,-0.000000,0.000000,417.819437,1.000000,465.764363,3.000000,137.642515,6.000000,121.968785,9.000000,23.628250,11.000000,15.213230,13.000000,27.371135,16.000000,37.985673,20.000000,39.092385,21.000000,10.339532,24.000000,266.323888,1.000000,255.706900,3.000000,248.485981,6.000000,205.876224,9.000000,105.599464,11.000000,27.689095,13.000000,46.270939,17.000000,16.012287,18.000000,30.526398,21.000000,31.189107,23.000000,300.019446,1.000000,457.278109,3.000000,47.632342,6.000000,63.846092,9.000000,49.398320,11.000000,36.615952,15.000000,25.911670,17.000000,27.497397,18.000000,23.379197,22.000000,13.472573,24.000000,63.580000,34.620000,65.940000,55.779430,52.875198,-71.420000,-61.380000,-69.060000,-35.389650,-54.648129,135.000000,96.000000,135.000000,91.169080,107.523327,28.565427,16.643786,25.809231,15.764302,23.359702,0.000000,-0.000000,-0.000000,-0.000000,0.000000,220.274101,2.000000,816.690940,3.000000,560.796962,6.000000,287.747241,10.000000,154.923776,11.000000,127.237238,15.000000,143.741088,16.000000,114.729185,18.000000,155.719378,22.000000,129.667880,23.000000,236.287161,1.000000,344.652091,5.000000,150.361631,7.000000,207.762728,10.000000,263.947926,12.000000,124.923888,15.000000,78.261281,17.000000,126.731999,19.000000,88.664748,21.000000,72.880533,25.000000,408.174592,1.000000,459.586754,3.000000,124.661495,6.000000,287.255605,9.000000,155.985363,11.000000,141.408253,15.000000,136.462714,17.000000,150.142446,19.000000,117.058161,22.000000,251.524876,24.000000,204.653280,1.000000,314.426317,5.000000,150.502957,7.000000,201.293306,10.000000,255.611644,12.000000,122.960137,15.000000,77.084235,17.000000,119.122297,19.000000,83.842717,21.000000,68.686955,25.000000,352.027292,1.000000,302.084148,5.000000,88.720108,7.000000,327.696787,9.000000,147.172079,12.000000,118.638539,15.000000,101.927614,17.000000,151.425926,19.000000,154.322241,22.000000,204.581955,24.000000,0.000000
4.810000,5.790000,6.070000,-6.190000,-5.210000,-6.930000,11.000000,11.000000,13.000000,2.221238,2.635508,3.137690,-0.000000,-0.000000,-0.000000,37.332966,2.000000,25.345465,3.000000,29.157838,7.000000,30.529112,10.000000,33.446023,11.000000,22.644134,15.000000,15.324736,17.000000,27.124387,20.000000,21.197673,21.000000,16.653462,24.000000,27.101788,2.000000,19.449333,3.000000,30.769327,7.000000,50.440507,9.000000,23.198583,11.000000,28.034012,14.000000,24.272370,17.000000,33.657684,20.000000,35.184710,22.000000,18.533063,23.000000,72.710579,1.000000,43.997673,5.000000,29.142474,6.000000,30.086090,9.000000,48.156157,12.000000,43.780391,15.000000,18.702598,16.000000,25.340965,20.000000,23.303452,21.000000,26.244379,24.000000,17.620000,33.290000,18.290000,-17.380000,-26.710000,-16.710000,35.000000,60.000000,35.000000,8.366337,13.681590,8.112084,0.000000,0.000000,-0.000000,303.256653,1.000000,104.740335,4.000000,120.627473,7.000000,75.461465,10.000000,60.914047,12.000000,37.571919,13.000000,16.458060,16.000000,22.336167,19.000000,36.097880,21.000000,45.748467,24.000000,359.930132,1.000000,328.370304,4.000000,217.769944,7.000000,132.331145,9.000000,111.763232,11.000000,35.533988,14.000000,28.371102,16.000000,22.223653,19.000000,21.535905,21.000000,28.291917,24.000000,329.872981,2.000000,149.178767,3.000000,102.453362,6.000000,25.604291,10.000000,42.879345,11.000000,35.457378,13.000000,18.363762,17.000000,16.049731,18.000000,16.735668,22.000000,15.022027,24.000000,44.060000,38.290000,46.030000,36.429337,49.302110,-52.940000,-37.710000,-46.970000,-38.412599,-47.655630,97.000000,76.000000,93.000000,74.841937,96.957740,19.549844,16.008932,17.607643,15.817071,18.149504,0.000000,-0.000000,-0.000000,-0.000000,0.000000,474.535758,1.000000,389.478134,4.000000,209.246120,7.000000,163.590008,9.000000,186.130549,12.000000,196.949710,13.000000,60.015887,17.000000,101.506877,19.000000,73.428324,21.000000,119.144952,25.000000,332.348185,2.000000,162.216344,3.000000,133.913026,6.000000,270.638657,8.000000,128.557985,11.000000,199.759185,13.000000,45.020526,16.000000,99.067857,19.000000,140.459019,21.000000,139.034184,25.000000,223.442767,1.000000,191.102074,4.000000,234.560710,6.000000,179.683039,9.000000,77.112477,12.000000,161.242138,14.000000,150.147020,16.000000,143.420875,19.000000,153.300695,22.000000,167.610187,24.000000,310.844867,2.000000,167.582202,3.000000,145.502229,6.000000,266.281522,8.000000,133.182109,11.000000,206.899177,14.000000,35.746220,16.000000,89.993077,19.000000,147.661205,21.000000,122.148978,25.000000,306.718908,1.000000,143.145595,4.000000,181.549553,6.000000,191.910358,9.000000,84.712587,12.000000,137.759674,14.000000,154.946238,16.000000,156.147473,19.000000,140.827213,22.000000,175.203506,24.000000,0.000000
4.850000,8.630000,5.650000,-5.150000,-6.370000,-5.350000,10.000000,15.000000,11.000000,2.554897,2.830742,2.597595,0.000000,0.000000,0.000000,30.777087,2.000000,40.575423,5.000000,32.348995,6.000000,28.277079,10.000000,21.501949,11.000000,32.776870,13.000000,30.804022,16.000000,32.320812,20.000000,28.157205,21.000000,21.127378,23.000000,57.532205,2.000000,36.795381,5.000000,30.826340,7.000000,11.439825,8.000000,27.179172,12.000000,39.157620,15.000000,15.285219,16.000000,39.215286,20.000000,32.823199,22.000000,26.021032,24.000000,40.681929,2.000000,40.089827,5.000000,38.929693,6.000000,21.958056,8.000000,37.381178,11.000000,36.660450,15.000000,23.155399,16.000000,18.573792,18.000000,27.420716,21.000000,25.121437,23.000000,10.350000,18.800000,17.500000,-12.650000,-17.200000,-14.500000,23.000000,36.000000,32.000000,5.267590,8.155979,8.006872,-0.000000,0.000000,0.000000,182.150896,1.000000,54.236681,3.000000,82.735041,6.000000,50.202820,8.000000,64.766767,12.000000,32.741841,15.000000,12.897518,17.000000,30.534059,19.000000,24.817525,22.000000,27.170789,24.000000,224.624778,1.000000,113.897047,5.000000,188.723381,7.000000,112.503320,9.000000,94.642975,11.000000,38.480223,13.000000,18.717706,16.000000,25.292877,18.000000,13.797811,21.000000,23.079230,23.000000,354.310943,1.000000,47.098128,4.000000,80.552624,7.000000,52.355490,10.000000,31.374421,11.000000,28.642434,15.000000,12.070769,16.000000,11.161999,19.000000,15.685395,22.000000,16.879755,24.000000,44.830000,39.470000,53.100000,33.114298,60.623569,-51.170000,-36.530000,-45.900000,-37.275981,-52.167922,96.000000,76.000000,99.000000,70.390279,112.791491,20.272669,15.084731,18.149105,14.637432,20.306727,0.000000,-0.000000,0.000000,0.000000,-0.000000,585.793021,1.000000,271.605141,5.000000,216.259648,6.000000,222.353125,9.000000,155.503747,11.000000,208.321396,15.000000,77.699940,17.000000,142.588361,18.000000,102.846607,21.000000,120.189502,24.000000,295.369411,2.000000,209.681257,5.000000,205.659071,7.000000,234.419603,9.000000,128.345734,11.000000,92.975242,15.000000,54.750315,16.000000,147.976903,19.000000,109.246068,22.000000,76.665701,24.000000,399.460303,1.000000,229.296775,5.000000,96.796350,6.000000,159.056719,9.000000,168.038265,11.000000,90.261712,15.000000,123.006723,16.000000,151.717812,18.000000,129.559296,21.000000,120.917851,24.000000,245.211177,2.000000,205.479310,5.000000,211.362319,7.000000,238.824463,9.000000,141.431595,11.000000,98.025912,15.000000,43.656602,17.000000,142.324541,19.000000,103.465375,22.000000,72.334734,24.000000,554.189671,1.000000,226.230958,4.000000,101.009242,6.000000,202.937213,9.000000,212.335910,11.000000,76.477756,15.000000,122.789484,16.000000,146.569476,19.000000,145.132072,21.000000,142.779299,24.000000,0.000000
6.000000,10.820000,5.800000,-6.000000,-5.180000,-8.200000,12.000000,16.000000,14.000000,2.760435,3.122115,2.517936,0.000000,0.000000,0.000000,37.802829,2.000000,15.873473,3.000000,29.512678,7.000000,45.836597,8.000000,37.400935,11.000000,30.678912,14.000000,46.874633,17.000000,24.047388,18.000000,26.117157,21.000000,32.844315,23.000000,51.279908,2.000000,33.660252,4.000000,54.482733,6.000000,46.699067,10.000000,27.070201,11.000000,43.516525,14.000000,43.240943,17.000000,32.869390,20.000000,21.424128,22.000000,24.949278,24.000000,37.131549,1.000000,28.787753,5.000000,34.298875,6.000000,36.988763,10.000000,37.021381,11.000000,26.701819,15.000000,33.376141,17.000000,32.194233,20.000000,15.729307,21.000000,20.247550,25.000000,21.200000,30.440000,18.920000,-15.800000,-30.560000,-14.080000,37.000000,61.000000,33.000000,8.006248,16.251966,7.666394,-0.000000,-0.000000,-0.000000,171.801596,1.000000,191.426638,3.000000,160.030095,6.000000,91.000284,10.000000,49.662206,12.000000,45.163774,14.000000,29.919123,16.000000,52.674567,20.000000,22.823858,22.000000,64.163136,24.000000,413.426731,1.000000,372.388341,3.000000,287.787802,6.000000,209.585373,10.000000,89.818154,11.000000,21.179934,13.000000,34.276576,17.000000,27.626772,18.000000,30.162138,21.000000,40.587143,23.000000,216.707135,1.000000,152.415813,3.000000,89.756504,6.000000,35.155805,10.000000,16.442992,11.000000,28.020339,15.000000,10.976759,16.000000,24.974206,18.000000,15.797839,21.000000,16.878319,24.000000,54.300000,45.740000,48.660000,44.038563,46.319738,-64.700000,-48.260000,-52.340000,-45.276933,-49.701025,119.000000,94.000000,101.000000,89.315497,96.020764,25.139809,18.341003,21.174617,18.286062,19.645505,0.000000,-0.000000,0.000000,0.000000,0.000000,395.197374,1.000000,551.688647,3.000000,410.547017,6.000000,305.430668,10.000000,299.717121,11.000000,208.476427,15.000000,110.910336,16.000000,137.970604,18.000000,91.108920,21.000000,118.764615,25.000000,207.113898,1.000000,441.060328,3.000000,219.162572,7.000000,196.793655,9.000000,194.380762,11.000000,183.470664,14.000000,82.382503,16.000000,157.987576,20.000000,141.517714,22.000000,96.409535,24.000000,466.372826,1.000000,245.653976,5.000000,209.099227,7.000000,205.140706,8.000000,154.337125,12.000000,185.262798,14.000000,191.392808,16.000000,159.874544,19.000000,170.295872,21.000000,166.439606,23.000000,200.811532,1.000000,451.645563,3.000000,210.811541,7.000000,193.669743,9.000000,185.804304,11.000000,166.076126,14.000000,95.434381,16.000000,157.577273,20.000000,151.041019,22.000000,85.169763,24.000000,362.001319,1.000000,196.647663,5.000000,229.709907,7.000000,165.056411,8.000000,90.139141,12.000000,204.863304,13.000000,214.497165,16.000000,170.146800,19.000000,179.522100,21.000000,170.668863,25.000000,0.000000
7.500000,5.660000,4.680000,-8.500000,-6.340000,-4.320000,16.000000,12.000000,9.000000,2.707397,3.063397,2.279825,0.000000,-0.000000,0.000000,30.264221,2.000000,43.580536,3.000000,23.673076,6.000000,31.990284,9.000000,25.618234,12.000000,29.941127,14.000000,35.001597,17.000000,34.567258,20.000000,28.200550,22.000000,19.304502,23.000000,35.936437,2.000000,45.825210,3.000000,31.882532,6.000000,38.011197,9.000000,55.956584,11.000000,20.621999,13.000000,31.501504,17.000000,32.134387,19.000000,31.522147,22.000000,16.308212,24.000000,25.486495,2.000000,33.616057,5.000000,27.435185,6.000000,30.974396,9.000000,21.253274,12.000000,11.159117,13.000000,27.127291,17.000000,25.222061,19.000000,23.089307,21.000000,34.130082,24.000000,20.530000,35.370000,12.240000,-15.470000,-24.630000,-24.760000,36.000000,60.000000,37.000000,6.639962,14.093726,7.339101,0.000000,0.000000,0.000000,159.838530,1.000000,110.419652,4.000000,151.608296,6.000000,71.925561,9.000000,64.905660,11.000000,64.452898,13.000000,35.135994,17.000000,29.360726,18.000000,24.474840,22.000000,44.252961,24.000000,311.180279,2.000000,370.661964,3.000000,148.912515,6.000000,207.648548,9.000000,74.902017,12.000000,74.672366,14.000000,59.720307,16.000000,31.463587,18.000000,38.743094,21.000000,23.779990,24.000000,285.167403,1.000000,73.687088,3.000000,33.867148,7.000000,75.998966,9.000000,23.319425,11.000000,37.116396,13.000000,16.661060,17.000000,31.850792,19.000000,22.539462,21.000000,10.430752,24.000000,70.400000,37.550000,52.510000,81.372731,42.782357,-48.600000,-77.450000,-66.490000,-37.626274,-36.352568,119.000000,115.000000,119.000000,118.999005,79.134924,24.649138,18.794348,21.458096,19.324932,18.306807,-0.000000,0.000000,-0.000000,-0.000000,0.000000,618.424071,1.000000,514.856601,5.000000,184.069054,7.000000,404.987582,9.000000,193.521879,12.000000,196.056882,14.000000,232.864835,17.000000,88.762687,18.000000,96.239587,22.000000,146.958132,24.000000,597.731658,2.000000,216.315751,4.000000,244.184898,6.000000,126.909709,9.000000,235.891288,11.000000,113.128359,14.000000,190.768491,16.000000,121.546612,19.000000,27.288459,22.000000,116.058434,23.000000,519.437160,1.000000,253.580093,5.000000,177.511046,6.000000,216.256916,9.000000,199.356860,11.000000,201.490013,13.000000,68.514186,16.000000,132.670076,20.000000,167.626117,21.000000,200.410180,24.000000,631.250751,2.000000,218.586043,4.000000,250.282835,6.000000,126.235219,9.000000,230.573357,11.000000,110.789337,14.000000,186.231155,16.000000,129.611079,20.000000,36.296506,22.000000,119.036009,23.000000,366.205815,1.000000,100.666529,5.000000,217.887709,7.000000,177.227752,9.000000,183.142021,11.000000,141.369914,13.000000,121.530398,16.000000,136.959079,20.000000,131.653151,21.000000,219.128410,24.000000,0.000000
3.830000,4.910000,6.710000,-6.170000,-5.090000,-8.290000,10.000000,10.000000,15.000000,2.420971,2.526242,2.875048,-0.000000,-0.000000,0.000000,27.674926,1.000000,48.930200,3.000000,37.106312,7.000000,30.972729,10.000000,16.970350,12.000000,18.023273,15.000000,23.415457,17.000000,22.751489,18.000000,27.746705,22.000000,21.716309,24.000000,49.012237,2.000000,19.211480,3.000000,34.920755,7.000000,32.846835,9.000000,30.101232,11.000000,23.999877,14.000000,13.408545,16.000000,34.562811,20.000000,12.802619,22.000000,22.100075,24.000000,49.616114,2.000000,42.107925,5.000000,28.312607,6.000000,34.691434,8.000000,45.984355,11.000000,42.186683,13.000000,26.901000,17.000000,24.573334,18.000000,25.484680,21.000000,25.635943,23.000000,26.160000,118.450000,42.210000,-51.840000,-89.550000,-43.790000,78.000000,208.000000,86.000000,18.365032,48.522237,25.713535,0.000000,0.000000,0.000000,723.406479,2.000000,315.916256,4.000000,165.817206,6.000000,69.968586,9.000000,70.719009,11.000000,72.667429,14.000000,59.118593,17.000000,32.415759,18.000000,49.732065,21.000000,40.477956,24.000000,1247.962017,2.000000,1409.552553,3.000000,462.108221,7.000000,274.327163,9.000000,68.089437,12.000000,80.381723,14.000000,31.404969,16.000000,60.944894,18.000000,42.696813,22.000000,44.400146,24.000000,976.750555,1.000000,470.061627,3.000000,271.788002,7.000000,182.555667,8.000000,102.898149,12.000000,62.767270,14.000000,59.327800,16.000000,65.827103,19.000000,61.775104,22.000000,46.442473,25.000000,169.160000,77.790000,54.540000,70.340407,79.917577,-65.840000,-71.210000,-59.460000,-81.668360,-60.229870,235.000000,149.000000,114.000000,152.008766,140.147447,50.836152,31.657952,24.703206,33.023504,24.382286,-0.000000,-0.000000,0.000000,0.000000,0.000000,1250.250792,2.000000,1583.592596,3.000000,672.200221,7.000000,298.252332,9.000000,155.051960,11.000000,127.519605,14.000000,97.981041,16.000000,109.523232,19.000000,107.885767,21.000000,133.738362,23.000000,837.339760,2.000000,723.955803,3.000000,325.683529,7.000000,172.520534,8.000000,90.694176,12.000000,224.513985,14.000000,68.453229,16.000000,72.948024,19.000000,54.921004,22.000000,157.760091,24.000000,502.943931,2.000000,578.615682,3.000000,363.776988,7.000000,173.284424,8.000000,189.636931,11.000000,128.531306,14.000000,142.876202,17.000000,189.481732,19.000000,43.349605,22.000000,124.206622,24.000000,863.118371,2.000000,786.956083,3.000000,350.568902,7.000000,185.891164,8.000000,92.919927,12.000000,223.295384,14.000000,70.047267,16.000000,71.159183,19.000000,54.010826,22.000000,156.176675,24.000000,372.404482,2.000000,651.085801,4.000000,304.281623,6.000000,213.152427,8.000000,157.259974,11.000000,130.705552,15.000000,131.173990,17.000000,176.865883,19.000000,22.883268,22.000000,119.451215,23.000000,0.000000
6.990000,5.150000,4.510000,-8.010000,-5.850000,-5.490000,15.000000,11.000000,10.000000,3.128882,2.174281,2.507967,-0.000000,-0.000000,-0.000000,52.111474,1.000000,19.169742,3.000000,25.677335,6.000000,45.355024,10.000000,40.819354,12.000000,39.415142,15.000000,27.896440,17.000000,32.900074,20.000000,64.863514,21.000000,13.283067,24.000000,61.170272,2.000000,32.435727,3.000000,19.547317,6.000000,27.960764,8.000000,6.227662,11.000000,20.512724,13.000000,25.894477,17.000000,13.129981,20.000000,18.312278,21.000000,19.161201,23.000000,28.773388,2.000000,11.225700,5.000000,24.803856,6.000000,38.983090,8.000000,49.381206,12.000000,23.625257,13.000000,35.159231,17.000000,35.433819,18.000000,16.773326,21.000000,28.816757,25.000000,15.290000,32.000000,45.720000,-13.710000,-30.000000,-23.280000,29.000000,62.000000,69.000000,7.618786,14.451989,17.401195,-0.000000,0.000000,0.000000,231.332986,1.000000,115.336198,3.000000,69.846259,7.000000,99.077945,8.000000,47.183539,12.000000,30.350255,13.000000,26.038008,17.000000,30.855825,19.000000,28.616077,22.000000,37.645923,23.000000,226.173699,1.000000,312.895021,3.000000,321.779521,7.000000,171.005850,8.000000,134.972511,11.000000,74.484169,14.000000,38.283760,17.000000,42.948355,18.000000,49.585534,21.000000,39.865068,23.000000,697.937448,1.000000,199.465217,3.000000,151.338285,7.000000,96.974960,8.000000,75.972234,12.000000,57.583277,14.000000,57.597707,17.000000,45.269907,19.000000,32.957794,21.000000,30.985408,25.000000,43.990000,43.990000,51.370000,45.270174,49.070715,-59.010000,-44.010000,-61.630000,-41.785804,-60.579345,103.000000,88.000000,113.000000,87.055979,109.650060,22.170474,16.562304,22.796340,16.856723,22.342212,0.000000,-0.000000,0.000000,-0.000000,0.000000,547.479145,1.000000,322.101337,3.000000,386.848037,7.000000,332.541482,8.000000,98.722604,11.000000,146.642455,13.000000,85.978831,17.000000,104.000760,18.000000,126.187682,22.000000,114.921805,23.000000,246.135710,1.000000,294.371339,5.000000,164.590922,7.000000,268.885748,9.000000,171.998001,12.000000,112.516167,15.000000,192.807921,17.000000,55.861941,19.000000,107.833693,22.000000,93.553950,23.000000,585.623639,1.000000,219.686971,4.000000,398.485663,7.000000,176.585277,9.000000,312.207904,12.000000,186.872675,14.000000,184.906772,17.000000,188.415127,19.000000,88.550077,22.000000,231.250894,25.000000,275.271151,1.000000,297.187064,5.000000,185.622092,7.000000,266.208309,9.000000,163.036408,11.000000,94.639771,15.000000,194.597627,17.000000,50.009679,19.000000,103.975138,22.000000,101.676171,23.000000,552.865943,1.000000,222.277586,3.000000,377.530025,7.000000,190.366032,9.000000,305.048576,12.000000,187.166409,14.000000,185.267425,17.000000,192.116459,19.000000,102.812872,22.000000,232.567657,25.000000,0.000000
6.020000,5.280000,8.000000,-6.980000,-4.720000,-4.000000,13.000000,10.000000,12.000000,2.297738,2.727930,2.727636,-0.000000,0.000000,0.000000,22.166989,1.000000,34.230824,3.000000,23.025189,6.000000,33.124805,10.000000,21.348882,11.000000,22.571024,15.000000,36.790373,17.000000,15.496905,20.000000,26.242304,21.000000,34.973346,25.000000,46.654912,1.000000,35.723478,3.000000,43.359449,7.000000,29.485825,8.000000,31.287489,11.000000,40.462400,13.000000,34.797818,17.000000,22.394248,18.000000,19.831891,22.000000,11.224159,24.000000,34.509931,2.000000,52.886721,5.000000,31.855212,6.000000,32.481876,8.000000,32.501694,12.000000,41.504535,14.000000,14.074498,17.000000,14.101800,19.000000,28.531829,22.000000,32.635711,25.000000,21.320000,20.720000,13.750000,-20.680000,-27.280000,-23.250000,42.000000,48.000000,37.000000,9.535072,12.366147,10.062182,-0.000000,0.000000,0.000000,384.440449,1.000000,94.418813,3.000000,80.978204,6.000000,100.045471,8.000000,81.076712,11.000000,52.585942,14.000000,33.492226,16.000000,40.632857,20.000000,26.805816,21.000000,32.414010,23.000000,437.067077,1.000000,142.090499,3.000000,191.268292,7.000000,176.848734,9.000000,83.198718,11.000000,60.143807,14.000000,33.752112,16.000000,30.354302,20.000000,29.630726,21.000000,22.494184,24.000000,394.462761,1.000000,130.404292,3.000000,41.741585,6.000000,46.362162,9.000000,8.277364,12.000000,18.112151,14.000000,23.733249,16.000000,19.629200,18.000000,22.003547,22.000000,17.277620,24.000000,57.480000,31.010000,41.650000,31.660152,42.585818,-39.520000,-31.990000,-56.350000,-27.513133,-58.814049,97.000000,63.000000,98.000000,59.173285,101.399868,21.544131,14.191896,18.519382,13.748078,18.967325,0.000000,0.000000,-0.000000,-0.000000,-0.000000,720.880593,1.000000,182.560866,5.000000,133.909833,6.000000,275.290046,9.000000,194.660653,11.000000,137.000251,14.000000,116.641669,16.000000,121.812777,18.000000,108.248992,21.000000,60.711748,25.000000,189.185682,1.000000,141.878534,5.000000,160.855650,7.000000,232.104341,10.000000,162.395962,11.000000,116.858878,15.000000,40.586630,16.000000,89.350682,19.000000,154.096593,21.000000,96.040578,25.000000,341.737987,1.000000,134.135743,4.000000,195.297661,6.000000,123.615644,8.000000,48.076682,11.000000,142.606564,15.000000,208.086867,17.000000,164.646962,20.000000,199.920837,21.000000,135.743772,24.000000,152.911525,1.000000,137.795916,5.000000,160.391071,7.000000,220.387881,10.000000,158.656439,11.000000,115.510809,15.000000,30.445227,16.000000,81.443929,19.000000,139.935296,21.000000,92.308802,25.000000,400.386166,1.000000,111.290411,4.000000,187.604487,6.000000,150.289462,8.000000,51.282998,11.000000,142.107699,15.000000,207.567632,16.000000,169.148528,20.000000,198.729655,21.000000,130.021436,24.000000,0.000000
7.140000,5.260000,4.200000,-4.860000,-5.740000,-6.800000,12.000000,11.000000,11.000000,2.724041,3.061438,2.712932,0.000000,-0.000000,-0.000000,18.752553,1.000000,40.510248,4.000000,50.916647,6.000000,26.772892,9.000000,27.568735,11.000000,21.317402,15.000000,52.412521,16.000000,37.849954,20.000000,14.629017,21.000000,26.816203,23.000000,52.957684,1.000000,55.602684,5.000000,13.563814,6.000000,32.800868,9.000000,30.062046,12.000000,23.942875,13.000000,29.921420,17.000000,39.460409,18.000000,38.569815,21.000000,29.088182,25.000000,45.854531,2.000000,36.120507,3.000000,39.780010,7.000000,17.575186,9.000000,41.055480,11.000000,26.869434,15.000000,27.323514,17.000000,28.746957,20.000000,42.334548,21.000000,11.528972,24.000000,18.280000,32.430000,17.340000,-16.720000,-30.570000,-24.660000,35.000000,63.000000,42.000000,7.528718,13.437451,12.185418,0.000000,0.000000,-0.000000,253.199228,1.000000,161.252111,4.000000,60.327434,6.000000,68.867131,9.000000,38.414151,12.000000,30.405480,15.000000,31.069590,17.000000,21.412818,20.000000,9.562967,21.000000,20.542838,25.000000,65.588033,1.000000,443.218559,3.000000,245.610617,6.000000,158.687994,9.000000,55.958900,12.000000,28.134685,14.000000,30.346742,17.000000,20.768596,18.000000,16.128081,21.000000,11.822763,23.000000,381.701414,1.000000,268.542760,3.000000,75.341664,6.000000,40.178919,9.000000,23.320877,12.000000,29.557553,14.000000,17.248035,17.000000,17.222126,20.000000,14.489589,22.000000,14.681978,24.000000,75.970000,41.520000,52.240000,42.423899,51.649151,-79.030000,-41.480000,-42.760000,-40.096642,-40.003279,155.000000,83.000000,95.000000,82.520541,91.652430,28.433239,19.762834,21.446268,19.622296,21.628773,0.000000,-0.000000,0.000000,-0.000000,0.000000,326.956822,1.000000,809.200922,3.000000,428.645469,6.000000,355.601073,9.000000,191.477438,12.000000,180.039356,13.000000,72.648997,16.000000,125.051235,20.000000,78.022868,21.000000,70.802455,24.000000,481.511494,1.000000,420.266452,5.000000,241.016228,6.000000,166.846214,10.000000,78.392866,11.000000,178.370246,13.000000,201.418401,16.000000,146.573466,19.000000,153.482476,21.000000,83.844663,25.000000,464.160789,1.000000,196.547955,3.000000,270.944787,7.000000,191.933462,10.000000,79.058395,11.000000,130.836467,13.000000,264.483274,17.000000,76.903637,19.000000,189.272044,22.000000,174.015038,25.000000,495.945274,1.000000,407.880404,5.000000,250.923685,6.000000,157.218479,10.000000,81.023601,11.000000,185.306483,13.000000,184.891677,16.000000,144.787966,19.000000,157.781704,21.000000,76.276115,25.000000,454.093005,1.000000,159.673598,4.000000,325.779326,7.000000,208.550327,10.000000,82.087979,11.000000,123.306387,13.000000,259.099817,17.000000,89.817686,19.000000,195.445023,22.000000,175.560808,25.000000,0.000000
10.450000,5.130000,8.330000,-6.550000,-5.870000,-8.670000,17.000000,11.000000,17.000000,3.356710,2.583234,3.586238,-0.000000,0.000000,0.000000,41.073672,1.000000,30.518615,3.000000,50.847829,6.000000,46.338559,8.000000,30.789034,12.000000,50.374271,15.000000,25.628375,17.000000,34.041145,18.000000,29.909998,21.000000,35.098205,25.000000,40.000201,1.000000,34.429896,4.000000,40.380434,6.000000,24.815419,10.000000,13.071936,11.000000,38.070872,15.000000,11.703350,16.000000,34.019457,19.000000,34.584602,22.000000,28.326416,24.000000,55.432389,2.000000,42.128872,4.000000,49.010436,7.000000,67.082078,10.000000,39.369373,11.000000,36.650021,15.000000,37.407770,16.000000,37.349441,19.000000,25.940759,21.000000,21.083151,25.000000,44.250000,58.530000,24.480000,-34.750000,-47.470000,-36.520000,79.000000,106.000000,61.000000,16.735815,23.286243,16.507865,0.000000,-0.000000,0.000000,538.541657,2.000000,351.492680,3.000000,172.318018,7.000000,228.519654,8.000000,78.189062,12.000000,90.395282,13.000000,73.928400,16.000000,45.988631,18.000000,58.660700,21.000000,51.041724,25.000000,769.779745,1.000000,465.608848,3.000000,373.764688,7.000000,269.334029,8.000000,56.824595,12.000000,62.599159,13.000000,59.441911,17.000000,55.083114,19.000000,21.037999,21.000000,29.485771,24.000000,757.120855,2.000000,211.389472,3.000000,143.159064,6.000000,71.277195,8.000000,39.610502,11.000000,26.191419,14.000000,32.399612,16.000000,18.591350,20.000000,8.401878,21.000000,11.461771,25.000000,72.740000,69.770000,75.250000,58.475163,78.984162,-67.260000,-59.230000,-48.750000,-71.208033,-52.007279,140.000000,129.000000,124.000000,129.683196,130.991441,26.892980,21.190967,24.370217,21.487046,25.004471,0.000000,-0.000000,0.000000,0.000000,0.000000,500.857498,2.000000,687.319346,3.000000,422.461983,7.000000,292.528134,9.000000,234.240829,12.000000,172.999439,13.000000,194.705156,16.000000,157.665830,19.000000,145.249012,21.000000,68.011356,25.000000,228.698399,2.000000,535.108045,5.000000,366.475169,6.000000,266.117921,9.000000,150.866564,11.000000,214.024010,14.000000,67.729442,16.000000,59.914100,20.000000,153.128631,21.000000,65.744435,24.000000,434.819874,1.000000,329.236991,3.000000,394.447201,7.000000,298.102902,9.000000,169.701568,12.000000,294.899250,14.000000,159.757366,16.000000,192.799776,19.000000,108.852399,22.000000,189.651685,24.000000,235.885103,2.000000,564.173854,5.000000,369.640896,6.000000,248.070239,9.000000,144.758431,11.000000,201.020811,14.000000,55.506603,16.000000,72.081559,19.000000,156.396083,21.000000,80.862785,24.000000,440.541910,1.000000,359.125438,5.000000,418.772870,7.000000,310.266432,9.000000,180.588650,12.000000,295.261121,14.000000,155.812309,16.000000,204.967954,19.000000,97.193349,22.000000,197.829954,24.000000,0.000000
7.470000,5.710000,9.450000,-6.530000,-5.290000,-4.550000,14.000000,11.000000,14.000000,3.157388,2.546743,2.729011,-0.000000,0.000000,-0.000000,72.292266,2.000000,36.187087,5.000000,18.843456,6.000000,38.145416,8.000000,24.336131,11.000000,33.689783,15.000000,37.330301,16.000000,43.506513,19.000000,24.130800,21.000000,21.609875,24.000000,44.521003,1.000000,40.878257,3.000000,23.120758,6.000000,20.540113,9.000000,37.007749,12.000000,42.075149,13.000000,22.770042,17.000000,29.961642,19.000000,9.067763,22.000000,13.146618,23.000000,42.585016,1.000000,43.013155,3.000000,28.183075,6.000000,41.702688,8.000000,42.995939,11.000000,31.573990,15.000000,37.285572,16.000000,13.334252,19.000000,22.899566,21.000000,17.302463,23.000000,23.160000,70.970000,38.350000,-15.840000,-41.030000,-36.650000,39.000000,112.000000,75.000000,9.980701,30.289752,18.645844,0.000000,0.000000,0.000000,435.017971,1.000000,105.569307,5.000000,29.284693,7.000000,81.630591,9.000000,42.734750,12.000000,61.834390,13.000000,33.694921,17.000000,25.448312,19.000000,21.728495,21.000000,22.741484,23.000000,1229.140540,2.000000,556.721509,4.000000,165.784235,7.000000,229.339200,8.000000,96.058424,11.000000,19.843415,13.000000,15.683779,17.000000,23.043053,19.000000,32.242383,21.000000,19.151729,24.000000,776.783046,2.000000,300.810598,3.000000,57.354231,6.000000,46.112971,9.000000,47.582647,11.000000,36.470947,13.000000,16.955733,17.000000,14.905824,19.000000,14.075294,21.000000,17.336060,23.000000,96.180000,43.480000,73.990000,62.777200,73.638578,-101.820000,-62.520000,-84.010000,-42.496938,-85.119750,198.000000,106.000000,158.000000,105.274138,158.758328,48.661356,20.855445,31.324909,20.453890,32.051207,0.000000,0.000000,0.000000,0.000000,-0.000000,1716.187726,1.000000,1170.949336,3.000000,317.052791,6.000000,166.117724,8.000000,274.706699,11.000000,227.703976,13.000000,183.984926,17.000000,232.656720,18.000000,160.974734,22.000000,56.349293,24.000000,479.240905,1.000000,397.129933,3.000000,237.862268,6.000000,285.621123,10.000000,74.632445,11.000000,222.796653,14.000000,217.838153,17.000000,97.524152,20.000000,75.415511,22.000000,205.591605,25.000000,1282.664295,1.000000,188.283297,4.000000,127.543008,7.000000,252.092466,8.000000,179.725007,12.000000,157.034856,15.000000,66.968068,17.000000,192.581966,19.000000,122.110342,22.000000,188.349790,25.000000,476.696851,1.000000,407.863558,3.000000,235.436370,6.000000,262.279064,10.000000,75.288123,11.000000,207.121037,14.000000,216.541405,17.000000,108.160918,18.000000,73.362715,22.000000,197.571294,25.000000,1311.351360,2.000000,242.191960,4.000000,114.831567,7.000000,266.203628,8.000000,189.675389,12.000000,164.331585,15.000000,63.526009,16.000000,196.902206,19.000000,120.102433,22.000000,181.480815,25.000000,0.000000
7.080000,7.760000,5.140000,-5.920000,-4.240000,-5.860000,13.000000,12.000000,11.000000,2.972137,2.437704,2.867124,-0.000000,-0.000000,-0.000000,20.194446,2.000000,41.558013,3.000000,54.029398,6.000000,18.428075,9.000000,34.387769,11.000000,29.797001,15.000000,22.272119,17.000000,36.498088,20.000000,35.151578,21.000000,39.472041,24.000000,42.073235,2.000000,8.981742,5.000000,28.469969,7.000000,30.112852,8.000000,40.627984,12.000000,29.341365,14.000000,14.667725,17.000000,34.999390,19.000000,29.008903,21.000000,13.764110,24.000000,27.345890,1.000000,38.200032,4.000000,5.673418,7.000000,56.541381,8.000000,47.090160,12.000000,21.181300,13.000000,35.409929,17.000000,41.368702,19.000000,20.025877,22.000000,14.795349,23.000000,28.130000,60.390000,32.420000,-20.870000,-52.610000,-35.580000,49.000000,113.000000,68.000000,10.828347,22.419587,15.163232,-0.000000,-0.000000,0.000000,389.276173,2.000000,193.278436,3.000000,182.072324,7.000000,76.422130,8.000000,65.225693,11.000000,60.807402,14.000000,27.909498,17.000000,50.865843,19.000000,14.974064,21.000000,52.599321,23.000000,835.654273,1.000000,408.159703,4.000000,408.440285,7.000000,154.056661,9.000000,205.191950,11.000000,66.544104,13.000000,54.700863,16.000000,45.008565,19.000000,47.595016,21.000000,37.956777,23.000000,600.788309,1.000000,240.387663,4.000000,175.887141,6.000000,54.197561,10.000000,62.954535,11.000000,40.932078,15.000000,32.392213,17.000000,28.324001,19.000000,10.043246,22.000000,11.816808,25.000000,99.530000,58.200000,110.670000,79.872547,116.671695,-89.470000,-79.800000,-72.330000,-58.644226,-69.829731,189.000000,138.000000,183.000000,138.516774,186.501426,49.631130,27.765806,32.564108,29.083552,32.141326,-0.000000,-0.000000,0.000000,0.000000,-0.000000,1739.287308,1.000000,846.676349,5.000000,539.108726,7.000000,388.071205,9.000000,286.128694,11.000000,156.360208,13.000000,107.871039,16.000000,139.379679,20.000000,208.464982,21.000000,69.454423,25.000000,577.585172,2.000000,813.077669,4.000000,288.705866,6.000000,153.145023,10.000000,72.953507,12.000000,227.552249,15.000000,102.923301,16.000000,103.909885,18.000000,78.746949,21.000000,181.484435,23.000000,826.972447,2.000000,752.932386,3.000000,459.238688,6.000000,133.242930,10.000000,73.594495,11.000000,209.866882,14.000000,245.161005,16.000000,190.372508,18.000000,114.736203,21.000000,192.201624,23.000000,600.999223,2.000000,865.340441,4.000000,294.684225,6.000000,160.811091,10.000000,73.822440,12.000000,214.381414,15.000000,118.021071,16.000000,95.051783,18.000000,69.258616,21.000000,164.591682,23.000000,706.160501,2.000000,799.809694,4.000000,476.081954,6.000000,135.123846,10.000000,39.433756,12.000000,200.385294,14.000000,261.286103,16.000000,193.543193,18.000000,118.882474,21.000000,189.811994,23.000000,0.000000
7.410000,4.970000,5.790000,-4.590000,-6.030000,-6.210000,12.000000,11.000000,12.000000,2.358368,2.647470,2.438422,0.000000,-0.000000,-0.000000,25.865465,1.000000,38.488842,5.000000,26.198106,7.000000,25.967682,10.000000,26.600830,12.000000,35.511638,15.000000,35.126678,17.000000,19.131334,18.000000,23.787681,22.000000,15.054285,24.000000,56.136520,1.000000,37.296501,5.000000,33.279594,7.000000,27.125910,10.000000,28.397393,11.000000,34.584955,14.000000,30.459645,17.000000,29.146161,19.000000,18.378620,21.000000,19.136465,25.000000,36.740889,2.000000,15.135375,4.000000,30.836383,7.000000,30.532256,9.000000,32.721064,12.000000,29.370170,14.000000,18.926136,17.000000,26.978994,20.000000,40.197500,21.000000,18.186677,23.000000,21.210000,45.430000,17.420000,-20.790000,-44.570000,-19.580000,42.000000,90.000000,37.000000,10.000295,21.199177,6.230859,0.000000,0.000000,0.000000,307.543093,1.000000,123.142987,5.000000,173.827229,6.000000,146.675936,9.000000,89.502071,12.000000,66.022570,15.000000,26.519208,17.000000,28.250937,19.000000,48.175967,22.000000,55.852366,23.000000,463.185320,2.000000,336.686784,5.000000,630.896637,6.000000,341.562122,9.000000,188.374870,11.000000,49.537294,13.000000,80.831556,16.000000,50.290457,19.000000,47.898950,22.000000,63.582370,25.000000,153.416390,1.000000,166.579738,5.000000,116.675212,6.000000,60.258270,9.000000,19.085356,11.000000,31.918542,15.000000,36.493972,17.000000,15.233195,18.000000,23.761924,21.000000,12.548689,25.000000,64.110000,41.430000,66.790000,56.987685,63.749164,-66.890000,-56.570000,-50.210000,-40.717080,-49.440932,131.000000,98.000000,117.000000,97.704764,113.190097,25.476615,20.341217,23.191505,19.832618,22.583066,0.000000,-0.000000,0.000000,0.000000,0.000000,338.971287,1.000000,487.651082,5.000000,624.483881,6.000000,360.284439,8.000000,332.329292,11.000000,211.076466,15.000000,150.776175,16.000000,120.173348,20.000000,124.471817,22.000000,132.162590,24.000000,294.402679,1.000000,368.237370,5.000000,151.747369,7.000000,285.680089,9.000000,377.610495,12.000000,169.125840,13.000000,113.181013,16.000000,134.899106,18.000000,122.671053,22.000000,92.640661,24.000000,285.145526,2.000000,353.261027,4.000000,293.376403,6.000000,323.277373,9.000000,234.180587,12.000000,198.334821,15.000000,82.904355,16.000000,248.824077,18.000000,158.657857,22.000000,152.091834,24.000000,277.009967,1.000000,365.127111,5.000000,146.774660,7.000000,277.013570,9.000000,352.349094,12.000000,156.102316,13.000000,114.192796,16.000000,151.850121,18.000000,121.516768,22.000000,79.468485,25.000000,252.984131,2.000000,384.484704,4.000000,223.807947,6.000000,303.901738,10.000000,281.409291,12.000000,171.516908,15.000000,75.149624,16.000000,259.389794,18.000000,166.702663,22.000000,149.915887,24.000000,0.000000
