# slp_min,pks_max,n_peak,dur_min,slp_max,dur_max,pks_mean,latency,dur_mean,slp_mean,pha_auc,pha_min,pha_std,pks_min,pha_max,pha_mean
0.000000000000000000e+00,1.242582635811419201e-02,1.000000000000000000e+00,0.000000000000000000e+00,0.000000000000000000e+00,0.000000000000000000e+00,1.242582635811419201e-02,1.000000000000000000e+00,0.000000000000000000e+00,0.000000000000000000e+00,1.210669804250588373e-03,-4.224806357595839446e-03,3.371719344201803362e-03,1.242582635811419201e-02,1.242582635811419201e-02,1.210669804250588373e-03
nan,nan,0.000000000000000000e+00,nan,nan,nan,nan,nan,nan,nan,-2.737423074562546246e-04,-4.284063189786614656e-03,1.682012589760536287e-03,nan,3.610268667717728142e-03,-2.737423074562546246e-04
5.586127958420354922e-01,2.795131804427610778e-01,1.000000000000000000e+00,1.000000000000000000e+00,5.586127958420354922e-01,1.000000000000000000e+00,2.795131804427610778e-01,1.575000000000000000e+01,1.000000000000000000e+00,5.586127958420354922e-01,5.741795479382774854e-03,-2.399449361915582946e-02,3.976942091203559959e-02,2.795131804427610778e-01,2.795131804427610778e-01,5.741795479382774854e-03
5.586127958420354922e-01,2.795131804427610778e-01,4.000000000000000000e+00,1.000000000000000000e+00,5.586127958420354922e-01,1.000000000000000000e+00,8.257363901389272454e-02,5.750000000000000000e+00,1.000000000000000000e+00,5.586127958420354922e-01,8.721797968587735941e-03,-2.399449361915582946e-02,3.981200461543417390e-02,1.360091885561959257e-02,2.795131804427610778e-01,8.721797968587735941e-03
0.000000000000000000e+00,2.255548540882520991e-02,5.000000000000000000e+00,5.000000000000000000e-01,0.000000000000000000e+00,5.000000000000000000e-01,1.723235732346075147e-02,1.750000000000000000e+00,5.000000000000000000e-01,0.000000000000000000e+00,5.171820804034366580e-03,-1.722675488928016030e-02,9.453120966645843851e-03,1.282492559566869583e-02,3.831852110791977850e-02,5.171820804034366580e-03
2.502795850050828497e-01,2.992177514474896327e-01,8.000000000000000000e+00,2.500000000000000000e-01,7.500530117064089231e-01,1.250000000000000000e+00,6.266643211332062480e-02,1.500000000000000000e+00,7.916666666666666297e-01,5.147517529929162006e-01,1.544424936052187294e-02,-3.263017252082889286e-02,4.371241222127381781e-02,1.282492559566869583e-02,2.992177514474896327e-01,1.544424936052187294e-02
2.501631835558916772e-01,2.992177514474896327e-01,8.000000000000000000e+00,2.500000000000000000e-01,7.500530117064089231e-01,1.250000000000000000e+00,6.330447923469026406e-02,0.000000000000000000e+00,7.500000000000000000e-01,4.521586338881539713e-01,1.364749019181200548e-02,-3.263017252082889286e-02,4.418640042610606083e-02,9.235955218463542948e-03,2.992177514474896327e-01,1.364749019181200548e-02
2.501631835558916772e-01,9.808619122258938061e-02,5.000000000000000000e+00,2.500000000000000000e-01,5.056834333847375351e-01,2.000000000000000000e+00,4.894687923428546472e-02,1.750000000000000000e+00,9.499999999999999556e-01,4.393450583980346713e-01,9.589149813794150060e-03,-2.751954442082085728e-02,2.193720831894359694e-02,9.235955218463542948e-03,9.808619122258938061e-02,9.589149813794150060e-03
5.007210407905783311e-01,9.808619122258938061e-02,7.000000000000000000e+00,2.500000000000000000e-01,4.500004578038786285e+00,2.000000000000000000e+00,6.055397095615011605e-02,5.000000000000000000e-01,1.000000000000000000e+00,1.786829917154189928e+00,1.516374837572473724e-02,-1.015359757783501626e-01,3.193859415487349668e-02,2.495367166762529898e-02,9.808619122258938061e-02,1.516374837572473724e-02
2.501296165260988302e-01,8.277150646249237242e-02,5.000000000000000000e+00,2.500000000000000000e-01,7.510477335237598639e-01,1.750000000000000000e+00,4.872153879024179041e-02,2.500000000000000000e-01,8.000000000000000444e-01,4.171378628229567842e-01,7.968455011201113977e-03,-1.015359757783501626e-01,2.644885003975330426e-02,2.397950545413440882e-02,8.277150646249237242e-02,7.968455011201113977e-03
0.000000000000000000e+00,2.397950545413440882e-02,1.000000000000000000e+00,2.500000000000000000e-01,0.000000000000000000e+00,2.500000000000000000e-01,2.397950545413440882e-02,1.250000000000000000e+00,2.500000000000000000e-01,0.000000000000000000e+00,1.616538643290217582e-03,-1.028254344357898420e-02,5.931162214249898444e-03,2.397950545413440882e-02,2.397950545413440882e-02,1.616538643290217582e-03
0.000000000000000000e+00,1.800079627594725062e-02,1.000000000000000000e+00,0.000000000000000000e+00,0.000000000000000000e+00,0.000000000000000000e+00,1.800079627594725062e-02,1.425000000000000000e+01,0.000000000000000000e+00,0.000000000000000000e+00,1.945627904691420856e-04,-7.142684891750405995e-03,4.968393554718350015e-03,1.800079627594725062e-02,1.800079627594725062e-02,1.945627904691420856e-04
2.500678819372272321e-01,2.648654671232797408e-02,2.000000000000000000e+00,1.000000000000000000e+00,2.500678819372272321e-01,1.000000000000000000e+00,2.224367149413761235e-02,4.250000000000000000e+00,1.000000000000000000e+00,2.500678819372272321e-01,2.052365572321862217e-03,-9.377426605927940972e-03,7.120437798064049167e-03,1.800079627594725062e-02,2.648654671232797408e-02,2.052365572321862217e-03
2.500292077777117039e-01,8.542323736139856294e-02,5.000000000000000000e+00,5.000000000000000000e-01,5.007163228253559417e-01,3.250000000000000000e+00,5.688967038187744268e-02,3.750000000000000000e+00,1.583333333333333259e+00,3.336044708467649778e-01,1.088765449441013965e-02,-2.178446883307072479e-02,2.174970277059316143e-02,2.648654671232797408e-02,8.542323736139856294e-02,1.088765449441013965e-02
2.500292077777117039e-01,8.542323736139856294e-02,8.000000000000000000e+00,2.500000000000000000e-01,1.500190628858474318e+00,3.250000000000000000e+00,4.965132282378224848e-02,5.750000000000000000e+00,1.041666666666666741e+00,5.502620318260641463e-01,1.457262527708673774e-02,-2.178446883307072479e-02,2.322983955739581566e-02,2.065069170142525001e-02,8.542323736139856294e-02,1.457262527708673774e-02
2.501757451248063369e-01,4.837285783184869237e-02,7.000000000000000000e+00,2.500000000000000000e-01,4.500038134830052883e+00,7.500000000000000000e-01,3.226429854049078089e-02,7.500000000000000000e-01,6.428571428571429047e-01,1.916782514706662832e+00,6.193351979558725517e-03,-5.558099890266007814e-02,2.009068770670731363e-02,1.960450648113770677e-02,4.837285783184869237e-02,6.193351979558725517e-03
2.500000531548264848e-01,1.102282946588720169e-01,6.000000000000000000e+00,7.500000000000000000e-01,7.526588904373039401e-01,2.750000000000000000e+00,4.166533658789236400e-02,1.500000000000000000e+00,1.250000000000000000e+00,3.756971891029838306e-01,9.809580981842577763e-03,-5.558099890266007814e-02,3.148102176371125882e-02,1.150647797899251312e-02,1.102282946588720169e-01,9.809580981842577763e-03
2.501119291433948066e-01,1.371162924071844813e-01,6.000000000000000000e+00,7.500000000000000000e-01,7.578373950941778014e-01,2.750000000000000000e+00,7.902503477481592764e-02,2.750000000000000000e+00,1.649999999999999911e+00,5.031691476228039583e-01,2.565588927687491999e-02,-2.133192082545676271e-02,4.259748617069830656e-02,1.150647797899251312e-02,1.371162924071844813e-01,2.565588927687491999e-02
2.501965826987684882e-01,4.408114831015747526e-01,5.000000000000000000e+00,1.000000000000000000e+00,1.313920092817981056e+00,2.250000000000000000e+00,1.760887646502591330e-01,1.500000000000000000e+00,1.850000000000000089e+00,7.663921940108922026e-01,4.516096310022647137e-02,-3.048091046161899298e-02,7.843925807135138095e-02,5.098597192570825110e-02,4.408114831015747526e-01,4.516096310022647137e-02
1.004965958703158746e+00,4.408114831015747526e-01,4.000000000000000000e+00,1.250000000000000000e+00,4.000053213014971298e+00,2.250000000000000000e+00,2.088286435022778109e-01,4.500000000000000000e+00,1.937500000000000000e+00,2.269946364389093141e+00,4.231917465071537154e-02,-3.048091046161899298e-02,8.667079916641709514e-02,-7.672807987324503642e-05,4.408114831015747526e-01,4.231917465071537154e-02
1.001229335205543469e+00,2.657069803494669924e-01,4.000000000000000000e+00,7.500000000000000000e-01,4.000053213014971298e+00,2.500000000000000000e+00,1.269104694345255802e-01,5.500000000000000000e+00,1.750000000000000000e+00,2.317338956551227014e+00,2.958131090136912472e-02,-3.458945804158630732e-02,5.860072523711579162e-02,-7.672807987324503642e-05,2.657069803494669924e-01,2.958131090136912472e-02
1.001229335205543469e+00,2.501214997166761878e-01,5.000000000000000000e+00,5.000000000000000000e-01,6.753620455301340364e+00,2.500000000000000000e+00,1.151376265633237972e-01,1.750000000000000000e+00,1.428571428571428603e+00,3.502424777055914262e+00,3.426605663554638248e-02,-3.458945804158630732e-02,5.525448629424680597e-02,3.732365797053838197e-02,2.501214997166761878e-01,3.426605663554638248e-02
3.507465420709411141e+00,2.501214997166761878e-01,5.000000000000000000e+00,5.000000000000000000e-01,9.500002910335176409e+00,1.500000000000000000e+00,8.483532040630492599e-02,0.000000000000000000e+00,1.149999999999999911e+00,5.189394319992203464e+00,2.315057140250621065e-02,-2.244258431065415671e-02,4.774534121894434546e-02,2.986333970656873671e-02,2.501214997166761878e-01,2.315057140250621065e-02
5.000599782104674373e-01,6.063675497684550830e-02,2.000000000000000000e+00,1.000000000000000000e+00,5.014578458206444544e-01,1.250000000000000000e+00,4.525004734170712251e-02,7.500000000000000000e-01,1.125000000000000000e+00,5.007589120155560014e-01,5.997316183062225900e-03,-1.104152335633024062e-02,1.180306979857743792e-02,2.986333970656873671e-02,6.063675497684550830e-02,5.997316183062225900e-03
0.000000000000000000e+00,2.193817469259873310e-02,3.000000000000000000e+00,5.000000000000000000e-01,0.000000000000000000e+00,5.000000000000000000e-01,1.306117070759094112e-02,1.600000000000000000e+01,5.000000000000000000e-01,0.000000000000000000e+00,8.840810517212472340e-05,-1.735003484236785631e-02,7.257502934089599816e-03,8.498998862287776568e-03,2.193817469259873310e-02,8.840810517212472340e-05
2.500028797199694286e-01,2.675446616645016373e-02,4.000000000000000000e+00,5.000000000000000000e-01,2.500028797199694286e-01,7.500000000000000000e-01,1.648449457230574677e-02,6.000000000000000000e+00,6.250000000000000000e-01,2.500028797199694286e-01,-2.040975487216198261e-04,-1.735003484236785631e-02,1.092527395422285795e-02,8.498998862287776568e-03,4.913742371025586753e-02,-2.040975487216198261e-04
2.500028797199694286e-01,1.264202810033808744e-01,2.000000000000000000e+00,7.500000000000000000e-01,5.059373874615212818e-01,1.750000000000000000e+00,7.658737358491551905e-02,5.000000000000000000e+00,1.250000000000000000e+00,3.779701335907453830e-01,8.310262380862021292e-03,-1.225550815857856524e-02,2.543983658500952039e-02,2.675446616645016373e-02,1.264202810033808744e-01,8.310262380862021292e-03
0.000000000000000000e+00,1.264202810033808744e-01,2.000000000000000000e+00,5.000000000000000000e-01,0.000000000000000000e+00,5.000000000000000000e-01,7.440493167634529281e-02,2.500000000000000000e-01,5.000000000000000000e-01,0.000000000000000000e+00,7.916377600961905722e-03,-8.853865270671223975e-03,2.446168679709788060e-02,2.238958234930971125e-02,1.264202810033808744e-01,7.916377600961905722e-03
0.000000000000000000e+00,2.238958234930971125e-02,1.000000000000000000e+00,5.000000000000000000e-01,0.000000000000000000e+00,5.000000000000000000e-01,2.238958234930971125e-02,6.500000000000000000e+00,5.000000000000000000e-01,0.000000000000000000e+00,7.041226339637212056e-04,-8.853865270671223975e-03,6.338248188356412384e-03,2.238958234930971125e-02,2.238958234930971125e-02,7.041226339637212056e-04
5.115040349168856748e-01,1.624094397813009016e-01,1.000000000000000000e+00,2.250000000000000000e+00,5.115040349168856748e-01,2.250000000000000000e+00,1.624094397813009016e-01,1.725000000000000000e+01,2.250000000000000000e+00,5.115040349168856748e-01,6.130530684948507988e-03,-1.986983860342167452e-02,2.961931444959974014e-02,1.624094397813009016e-01,1.624094397813009016e-01,6.130530684948507988e-03
5.115040349168856748e-01,1.624094397813009016e-01,2.000000000000000000e+00,2.000000000000000000e+00,1.250153029307428776e+00,2.250000000000000000e+00,1.016482296944104524e-01,7.250000000000000000e+00,2.125000000000000000e+00,8.808285321121571698e-01,1.012553475824544413e-02,-1.986983860342167452e-02,3.026527427701126635e-02,4.088701960752000319e-02,1.624094397813009016e-01,1.012553475824544413e-02
1.250153029307428776e+00,4.088701960752000319e-02,1.000000000000000000e+00,2.000000000000000000e+00,1.250153029307428776e+00,2.000000000000000000e+00,4.088701960752000319e-02,3.750000000000000000e+00,2.000000000000000000e+00,1.250153029307428776e+00,3.713297235717965931e-03,-4.268189681126521862e-03,1.025341162104693830e-02,4.088701960752000319e-02,4.088701960752000319e-02,3.713297235717965931e-03
nan,nan,0.000000000000000000e+00,nan,nan,nan,nan,nan,nan,nan,-4.423553798043253216e-04,-7.921067084745603282e-03,2.726268213740085967e-03,nan,6.634692938462749545e-03,-4.423553798043253216e-04
0.000000000000000000e+00,2.214200008222710903e-02,1.000000000000000000e+00,2.500000000000000000e-01,0.000000000000000000e+00,2.500000000000000000e-01,2.214200008222710903e-02,1.700000000000000000e+01,2.500000000000000000e-01,0.000000000000000000e+00,9.903415545490957140e-04,-7.921067084745603282e-03,5.517002786607993169e-03,2.214200008222710903e-02,2.214200008222710903e-02,9.903415545490957140e-04
7.504893182946293928e-01,5.211655876935394893e-02,2.000000000000000000e+00,2.500000000000000000e-01,7.504893182946293928e-01,1.500000000000000000e+00,3.712927942579052898e-02,7.000000000000000000e+00,8.750000000000000000e-01,7.504893182946293928e-01,4.172027751975260733e-03,-9.008339725432912282e-03,1.202315563196988679e-02,2.214200008222710903e-02,5.211655876935394893e-02,4.172027751975260733e-03
7.504893182946293928e-01,5.211655876935394893e-02,2.000000000000000000e+00,1.500000000000000000e+00,7.504893182946293928e-01,1.500000000000000000e+00,3.463718306899385424e-02,6.500000000000000000e+00,1.500000000000000000e+00,7.504893182946293928e-01,3.866260526072405092e-03,-9.278545179315755842e-03,1.166179571482955403e-02,1.715780736863375955e-02,5.211655876935394893e-02,3.866260526072405092e-03
1.005980336246809381e+00,1.320375629203737189e-01,3.000000000000000000e+00,1.000000000000000000e+00,1.005980336246809381e+00,2.000000000000000000e+00,5.819293738680256928e-02,5.000000000000000000e-01,1.500000000000000000e+00,1.005980336246809381e+00,1.081556096911398014e-02,-9.278545179315755842e-03,2.635106301920327534e-02,1.715780736863375955e-02,1.320375629203737189e-01,1.081556096911398014e-02
1.005980336246809381e+00,1.320375629203737189e-01,2.000000000000000000e+00,1.000000000000000000e+00,1.005980336246809381e+00,2.000000000000000000e+00,7.871050239588697761e-02,2.000000000000000000e+00,1.500000000000000000e+00,1.005980336246809381e+00,9.930813153842966284e-03,-1.371967659767614478e-02,2.655623294721584648e-02,2.538344187140023633e-02,1.320375629203737189e-01,9.930813153842966284e-03
nan,nan,0.000000000000000000e+00,nan,nan,nan,nan,nan,nan,nan,-4.148821636943286978e-04,-1.371967659767614478e-02,3.388717899529460325e-03,nan,7.473434176890503267e-03,-4.148821636943286978e-04
nan,nan,0.000000000000000000e+00,nan,nan,nan,nan,nan,nan,nan,-1.180323132638348731e-04,-6.797524013117284269e-03,3.144688269674511538e-03,nan,8.819668745726205739e-03,-1.180323132638348731e-04
0.000000000000000000e+00,1.597165729087657304e-02,1.000000000000000000e+00,0.000000000000000000e+00,0.000000000000000000e+00,0.000000000000000000e+00,1.597165729087657304e-02,1.850000000000000000e+01,0.000000000000000000e+00,0.000000000000000000e+00,7.454433629185623199e-04,-5.503633489660320066e-03,4.147423778066838297e-03,1.597165729087657304e-02,1.597165729087657304e-02,7.454433629185623199e-04
0.000000000000000000e+00,1.597165729087657304e-02,1.000000000000000000e+00,0.000000000000000000e+00,0.000000000000000000e+00,0.000000000000000000e+00,1.597165729087657304e-02,8.500000000000000000e+00,0.000000000000000000e+00,0.000000000000000000e+00,6.398664278050858467e-04,-6.165060651139586678e-03,3.837237085344572408e-03,1.597165729087657304e-02,1.597165729087657304e-02,6.398664278050858467e-04
nan,nan,0.000000000000000000e+00,nan,nan,nan,nan,nan,nan,nan,-6.862159699217995352e-05,-6.165060651139586678e-03,2.765147609841000532e-03,nan,6.578918686214296763e-03,-6.862159699217995352e-05
2.500515339089466882e-01,3.734769251434705284e-02,2.000000000000000000e+00,5.000000000000000000e-01,2.500515339089466882e-01,5.000000000000000000e-01,3.052836980489945229e-02,1.525000000000000000e+01,5.000000000000000000e-01,2.500515339089466882e-01,2.177695785622257244e-03,-2.036719598321345970e-02,8.540548763663629098e-03,2.370904709545185174e-02,3.734769251434705284e-02,2.177695785622257244e-03
2.500515339089466882e-01,3.734769251434705284e-02,2.000000000000000000e+00,5.000000000000000000e-01,2.500515339089466882e-01,5.000000000000000000e-01,3.052836980489945229e-02,5.250000000000000000e+00,5.000000000000000000e-01,2.500515339089466882e-01,2.718257971412606135e-03,-2.036719598321345970e-02,8.475367085529192379e-03,2.370904709545185174e-02,3.734769251434705284e-02,2.718257971412606135e-03
nan,nan,0.000000000000000000e+00,nan,nan,nan,nan,nan,nan,nan,2.814665037865628325e-04,-4.707151617051708037e-03,2.733501867445151459e-03,nan,9.138953645897673894e-03,2.814665037865628325e-04
nan,nan,0.000000000000000000e+00,nan,nan,nan,nan,nan,nan,nan,-3.348000412186302949e-04,-6.416312492099340847e-03,2.764640098944289460e-03,nan,8.639582880562657330e-03,-3.348000412186302949e-04
5.009981961589097255e-01,6.835709551784691085e-02,2.000000000000000000e+00,7.500000000000000000e-01,7.512218852094071364e-01,1.250000000000000000e+00,6.348498890192308397e-02,1.350000000000000000e+01,1.000000000000000000e+00,6.261100406841584309e-01,5.245133550573514644e-03,-1.331178830099144506e-02,1.615755320753754429e-02,5.861288228599925709e-02,6.835709551784691085e-02,5.245133550573514644e-03
5.002864424863314730e-01,9.336498763665357359e-02,4.000000000000000000e+00,7.500000000000000000e-01,1.002222914541680110e+00,1.250000000000000000e+00,6.752107123018498414e-02,3.500000000000000000e+00,1.083333333333333259e+00,6.886823595990820834e-01,1.307695958672688320e-02,-1.331178830099144506e-02,2.408012020581997911e-02,4.974931948024019501e-02,9.336498763665357359e-02,1.307695958672688320e-02
5.002864424863314730e-01,9.336498763665357359e-02,4.000000000000000000e+00,1.250000000000000000e+00,1.002222914541680110e+00,3.250000000000000000e+00,7.447875851344319675e-02,7.500000000000000000e+00,2.083333333333333481e+00,8.347351890446209621e-01,1.701110861015566605e-02,-3.166182366000958037e-02,2.909978842023123319e-02,4.974931948024019501e-02,9.336498763665357359e-02,1.701110861015566605e-02
7.527167489781282361e-01,8.548292878817542739e-02,3.000000000000000000e+00,1.500000000000000000e+00,1.001696210105851303e+00,3.250000000000000000e+00,7.967971723958440500e-02,2.250000000000000000e+00,2.375000000000000000e+00,8.772064795419898253e-01,1.389671180318569413e-02,-3.166182366000958037e-02,2.682504552426834624e-02,6.931779814870359102e-02,9.171952298235125367e-02,1.389671180318569413e-02
5.007490992291869780e-01,8.423842478187421046e-02,2.000000000000000000e+00,1.500000000000000000e+00,7.527167489781282361e-01,1.500000000000000000e+00,6.613103517713728174e-02,7.500000000000000000e-01,1.500000000000000000e+00,6.267329241036576626e-01,6.656765482382484903e-03,-9.558524559365955131e-03,1.787623078458180220e-02,4.802364557240035303e-02,8.423842478187421046e-02,6.656765482382484903e-03
5.003533650837873603e-01,4.848799314876861555e-02,2.000000000000000000e+00,1.000000000000000000e+00,5.007490992291869780e-01,2.000000000000000000e+00,4.825581936058448429e-02,8.500000000000000000e+00,1.500000000000000000e+00,5.005512321564871137e-01,5.914930814679509284e-03,-9.558524559365955131e-03,1.601942319125626915e-02,4.802364557240035303e-02,6.813597766226142660e-02,5.914930814679509284e-03
5.003533650837873603e-01,7.773715368431743933e-02,4.000000000000000000e+00,1.000000000000000000e+00,7.505070860801065225e-01,1.500000000000000000e+00,4.802921403853156745e-02,5.500000000000000000e+00,1.333333333333333259e+00,5.840489493682964328e-01,1.063686075409443245e-02,-9.920282724561191312e-03,1.931746369988259285e-02,1.733612446064158874e-02,7.773715368431743933e-02,1.063686075409443245e-02
7.505070860801065225e-01,7.773715368431743933e-02,3.000000000000000000e+00,1.500000000000000000e+00,7.505070860801065225e-01,1.500000000000000000e+00,4.787628766845255374e-02,0.000000000000000000e+00,1.500000000000000000e+00,7.505070860801065225e-01,7.839428252944521947e-03,-9.920282724561191312e-03,1.624565285097914064e-02,1.733612446064158874e-02,7.773715368431743933e-02,7.839428252944521947e-03
2.500340997463763038e-01,4.006090335344301145e-01,4.000000000000000000e+00,2.000000000000000000e+00,5.441267101987948829e-01,3.750000000000000000e+00,2.217238518673051162e-01,1.375000000000000000e+01,2.875000000000000000e+00,3.970804049725855656e-01,4.367314813941984564e-02,-4.138912626647789361e-02,1.022512886728391412e-01,3.360447972108682180e-02,4.006090335344301145e-01,4.367314813941984564e-02
2.500340997463763038e-01,4.006090335344301145e-01,5.000000000000000000e+00,2.500000000000000000e-01,5.441267101987948829e-01,3.750000000000000000e+00,1.814444326046940614e-01,3.750000000000000000e+00,2.000000000000000000e+00,3.970804049725855656e-01,4.499718409453649232e-02,-4.138912626647789361e-02,1.017832525421502737e-01,2.032675555424989788e-02,4.006090335344301145e-01,4.499718409453649232e-02
0.000000000000000000e+00,2.032675555424989788e-02,1.000000000000000000e+00,2.500000000000000000e-01,0.000000000000000000e+00,2.500000000000000000e-01,2.032675555424989788e-02,5.000000000000000000e+00,2.500000000000000000e-01,0.000000000000000000e+00,7.511304320161442394e-04,-1.037330304400196912e-02,6.482434597597328853e-03,2.032675555424989788e-02,2.032675555424989788e-02,7.511304320161442394e-04
0.000000000000000000e+00,1.669019041529773428e-02,1.000000000000000000e+00,0.000000000000000000e+00,0.000000000000000000e+00,0.000000000000000000e+00,1.669019041529773428e-02,1.200000000000000000e+01,0.000000000000000000e+00,0.000000000000000000e+00,-4.049457035299082464e-04,-1.037330304400196912e-02,5.347598831640445159e-03,1.669019041529773428e-02,1.669019041529773428e-02,-4.049457035299082464e-04
2.500113904878644711e-01,2.689060568561651987e-02,2.000000000000000000e+00,7.500000000000000000e-01,2.500113904878644711e-01,7.500000000000000000e-01,2.179039805045712708e-02,2.000000000000000000e+00,7.500000000000000000e-01,2.500113904878644711e-01,2.662155192309275525e-03,-9.683688486447628030e-03,7.034641272159605080e-03,1.669019041529773428e-02,2.689060568561651987e-02,2.662155192309275525e-03
2.500113904878644711e-01,2.689060568561651987e-02,1.000000000000000000e+00,7.500000000000000000e-01,2.500113904878644711e-01,7.500000000000000000e-01,2.689060568561651987e-02,5.000000000000000000e+00,7.500000000000000000e-01,2.500113904878644711e-01,1.064032127685463026e-03,-9.683688486447628030e-03,6.420733624599808155e-03,2.689060568561651987e-02,2.689060568561651987e-02,1.064032127685463026e-03
5.014153901035209859e-01,6.454346414555928169e-02,2.000000000000000000e+00,5.000000000000000000e-01,5.014153901035209859e-01,1.500000000000000000e+00,4.699546060817116899e-02,1.175000000000000000e+01,1.000000000000000000e+00,5.014153901035209859e-01,4.095688052230013823e-03,-1.988750708585357296e-02,1.383956650511319539e-02,2.944745707078305630e-02,6.454346414555928169e-02,4.095688052230013823e-03
5.014153901035209859e-01,6.454346414555928169e-02,3.000000000000000000e+00,5.000000000000000000e-01,5.014153901035209859e-01,1.500000000000000000e+00,3.681990548443433292e-02,1.750000000000000000e+00,1.000000000000000000e+00,5.014153901035209859e-01,3.962190483026524143e-03,-1.988750708585357296e-02,1.413934100592292679e-02,1.646879523696065384e-02,6.454346414555928169e-02,3.962190483026524143e-03
2.507573804594522837e-01,5.575932843244835180e-02,2.000000000000000000e+00,1.250000000000000000e+00,2.507573804594522837e-01,1.250000000000000000e+00,3.611406183470450282e-02,0.000000000000000000e+00,1.250000000000000000e+00,2.507573804594522837e-01,2.899203539116433723e-03,-9.598623168131148464e-03,1.208881044540986022e-02,1.646879523696065384e-02,5.575932843244835180e-02,2.899203539116433723e-03
2.507573804594522837e-01,5.575932843244835180e-02,1.000000000000000000e+00,1.250000000000000000e+00,2.507573804594522837e-01,1.250000000000000000e+00,5.575932843244835180e-02,1.250000000000000000e+00,1.250000000000000000e+00,2.507573804594522837e-01,3.326153406713518862e-03,-8.064049969619235814e-03,1.157835815514603357e-02,5.575932843244835180e-02,5.575932843244835180e-02,3.326153406713518862e-03
0.000000000000000000e+00,1.271205163749905553e-02,1.000000000000000000e+00,0.000000000000000000e+00,0.000000000000000000e+00,0.000000000000000000e+00,1.271205163749905553e-02,1.575000000000000000e+01,0.000000000000000000e+00,0.000000000000000000e+00,1.445399803762105581e-04,-1.917027781110342000e-02,9.421673922799030099e-03,1.271205163749905553e-02,3.883347693200878137e-02,1.445399803762105581e-04
1.251406040744207804e+00,9.256636901012643692e-02,2.000000000000000000e+00,2.000000000000000000e+00,1.251406040744207804e+00,2.000000000000000000e+00,5.263921032381274623e-02,5.750000000000000000e+00,2.000000000000000000e+00,1.251406040744207804e+00,4.275153070263045668e-03,-1.917027781110342000e-02,1.789033445673146941e-02,1.271205163749905553e-02,9.256636901012643692e-02,4.275153070263045668e-03
0.000000000000000000e+00,9.256636901012643692e-02,1.000000000000000000e+00,0.000000000000000000e+00,0.000000000000000000e+00,0.000000000000000000e+00,9.256636901012643692e-02,2.500000000000000000e-01,0.000000000000000000e+00,0.000000000000000000e+00,3.763101079602334306e-03,-8.875790703739394605e-03,1.557184347928922651e-02,9.256636901012643692e-02,9.256636901012643692e-02,3.763101079602334306e-03
nan,nan,0.000000000000000000e+00,nan,nan,nan,nan,nan,nan,nan,-1.978689722468801419e-03,-2.357133337599498502e-02,4.875807567835135047e-03,nan,6.395566955368081619e-03,-1.978689722468801419e-03
5.401840168914546769e-01,2.890709247745323895e-01,1.000000000000000000e+00,2.500000000000000000e-01,5.401840168914546769e-01,2.000000000000000000e+00,2.890709247745323895e-01,1.200000000000000000e+01,1.125000000000000000e+00,5.401840168914546769e-01,1.281810049207758248e-02,-2.648415515383356622e-02,5.249920350633832666e-02,2.890709247745323895e-01,2.890709247745323895e-01,1.281810049207758248e-02
5.401840168914546769e-01,2.890709247745323895e-01,2.000000000000000000e+00,2.500000000000000000e-01,1.125064351553437980e+01,2.000000000000000000e+00,2.152372369166523358e-01,2.000000000000000000e+00,1.333333333333333259e+00,5.895413766212917572e+00,2.175658457433895382e-02,-2.648415515383356622e-02,5.661801946560560128e-02,1.414035490587722821e-01,2.890709247745323895e-01,2.175658457433895382e-02
1.006690538964296389e+00,1.414035490587722821e-01,1.000000000000000000e+00,1.750000000000000000e+00,1.006690538964296389e+00,1.750000000000000000e+00,1.414035490587722821e-01,5.000000000000000000e+00,1.750000000000000000e+00,1.006690538964296389e+00,7.540844393092907723e-03,-1.332208161739883989e-02,2.706936546726554718e-02,1.414035490587722821e-01,1.414035490587722821e-01,7.540844393092907723e-03
0.000000000000000000e+00,2.673160026123838628e-02,2.000000000000000000e+00,0.000000000000000000e+00,0.000000000000000000e+00,0.000000000000000000e+00,2.295005148469642098e-02,1.075000000000000000e+01,0.000000000000000000e+00,0.000000000000000000e+00,1.437183887902131890e-03,-2.334356339177157125e-02,6.615239152801007279e-03,1.916850270815445567e-02,2.673160026123838628e-02,1.437183887902131890e-03
0.000000000000000000e+00,2.673160026123838628e-02,2.000000000000000000e+00,5.000000000000000000e-01,0.000000000000000000e+00,5.000000000000000000e-01,2.295005148469642098e-02,7.500000000000000000e-01,5.000000000000000000e-01,0.000000000000000000e+00,1.041549216401076216e-03,-2.334356339177157125e-02,6.275890751377162860e-03,1.916850270815445567e-02,2.673160026123838628e-02,1.041549216401076216e-03
0.000000000000000000e+00,1.327643764039138086e-02,1.000000000000000000e+00,0.000000000000000000e+00,0.000000000000000000e+00,0.000000000000000000e+00,1.327643764039138086e-02,1.575000000000000000e+01,0.000000000000000000e+00,0.000000000000000000e+00,1.495028368731679655e-04,-8.478732688543488827e-03,3.611753378255780963e-03,1.327643764039138086e-02,1.327643764039138086e-02,1.495028368731679655e-04
0.000000000000000000e+00,1.327643764039138086e-02,1.000000000000000000e+00,0.000000000000000000e+00,0.000000000000000000e+00,0.000000000000000000e+00,1.327643764039138086e-02,5.750000000000000000e+00,0.000000000000000000e+00,0.000000000000000000e+00,-7.009054925707289003e-05,-8.478732688543488827e-03,4.012880163665095284e-03,1.327643764039138086e-02,1.327643764039138086e-02,-7.009054925707289003e-05
nan,nan,0.000000000000000000e+00,nan,nan,nan,nan,nan,nan,nan,-4.654033282260591547e-04,-6.640355423060850804e-03,2.481750131860843440e-03,nan,5.883136612686301614e-03,-4.654033282260591547e-04
1.016292341339993799e+00,2.319047475100155520e-01,1.000000000000000000e+00,0.000000000000000000e+00,1.016292341339993799e+00,0.000000000000000000e+00,2.319047475100155520e-01,1.975000000000000000e+01,0.000000000000000000e+00,1.016292341339993799e+00,8.863125258472796461e-03,-8.269801450914771035e-03,4.061126921688468921e-02,2.319047475100155520e-01,2.319047475100155520e-01,8.863125258472796461e-03
1.016292341339993799e+00,2.319047475100155520e-01,2.000000000000000000e+00,5.000000000000000000e-01,1.016292341339993799e+00,4.250000000000000000e+00,1.919486535334522237e-01,9.750000000000000000e+00,2.375000000000000000e+00,1.016292341339993799e+00,2.798503739293498743e-02,-8.269801450914771035e-03,5.668586331997480660e-02,1.519925595568888954e-01,2.319047475100155520e-01,2.798503739293498743e-02
1.350000375880819981e+01,1.519925595568888954e-01,2.000000000000000000e+00,5.000000000000000000e-01,1.350000375880819981e+01,5.000000000000000000e-01,8.193856889634226759e-02,1.750000000000000000e+00,5.000000000000000000e-01,1.350000375880819981e+01,1.885043074463619434e-02,-8.377302420481569367e-03,4.388994397692563137e-02,1.188457823579563977e-02,2.152026462302356058e-01,1.885043074463619434e-02
0.000000000000000000e+00,1.188457823579563977e-02,1.000000000000000000e+00,0.000000000000000000e+00,0.000000000000000000e+00,0.000000000000000000e+00,1.188457823579563977e-02,8.000000000000000000e+00,0.000000000000000000e+00,0.000000000000000000e+00,-5.658270492642135602e-04,-8.779829155336815738e-03,3.999712798395077366e-03,1.188457823579563977e-02,1.188457823579563977e-02,-5.658270492642135602e-04
2.502541875152206052e-01,4.066055119389200279e-02,2.000000000000000000e+00,1.000000000000000000e+00,5.000440763716778036e-01,1.250000000000000000e+00,3.786708345771494511e-02,1.350000000000000000e+01,1.125000000000000000e+00,3.751491319434492322e-01,3.991168446155689449e-03,-8.779829155336815738e-03,1.098959247215417281e-02,3.507361572153788742e-02,4.066055119389200279e-02,3.991168446155689449e-03
2.502541875152206052e-01,4.466886144408437898e-01,4.000000000000000000e+00,1.000000000000000000e+00,1.549333761709586810e+00,1.250000000000000000e+00,2.140493523367992812e-01,3.500000000000000000e+00,1.125000000000000000e+00,7.665440085321617580e-01,4.867117217059262896e-02,-1.732965093931293499e-02,1.094968188363017320e-01,3.507361572153788742e-02,4.466886144408437898e-01,4.867117217059262896e-02
1.250129918455360922e+00,4.466886144408437898e-01,5.000000000000000000e+00,2.250000000000000000e+00,1.549333761709586810e+00,6.000000000000000000e+00,3.055604866940520026e-01,8.000000000000000000e+00,4.125000000000000000e+00,1.399731840082473866e+00,7.846378063809493486e-02,-1.732965093931293499e-02,1.310476896328226504e-01,4.078011279179338811e-02,4.466886144408437898e-01,7.846378063809493486e-02
1.250129918455360922e+00,4.258339572319835287e-01,4.000000000000000000e+00,5.000000000000000000e-01,1.250129918455360922e+00,2.250000000000000000e+00,1.966475757228456078e-01,5.000000000000000000e-01,1.375000000000000000e+00,1.250129918455360922e+00,3.438145315073617286e-02,-8.621193254306547260e-03,8.920114602162322603e-02,3.925111185288976401e-02,4.258339572319835287e-01,3.438145315073617286e-02
2.503757265063145665e-01,1.774738873490545599e-01,4.000000000000000000e+00,5.000000000000000000e-01,5.132640859615571483e-01,2.250000000000000000e+00,7.335729358933554267e-02,6.750000000000000000e+00,1.187500000000000000e+00,3.818199062339358574e-01,1.174085322001647627e-02,-5.409251419074412315e-02,4.404069822030653308e-02,3.112020142577043291e-02,1.774738873490545599e-01,1.174085322001647627e-02
2.503757265063145665e-01,1.774738873490545599e-01,5.000000000000000000e+00,1.000000000000000000e+00,5.132640859615571483e-01,2.250000000000000000e+00,7.804235086249364239e-02,1.750000000000000000e+00,1.500000000000000000e+00,4.233616543366671148e-01,1.774205590334394442e-02,-5.409251419074412315e-02,4.891435468000297077e-02,1.336908667960745589e-02,1.774738873490545599e-01,1.774205590334394442e-02
5.064451505421294630e-01,2.419940372217181945e-01,3.000000000000000000e+00,1.750000000000000000e+00,7.723948349171199101e-01,2.000000000000000000e+00,1.260092430099113425e-01,2.500000000000000000e+00,1.875000000000000000e+00,6.394199927296246866e-01,1.852311172469192288e-02,-3.319128316276209745e-02,5.067307587034566158e-02,1.336908667960745589e-02,2.419940372217181945e-01,1.852311172469192288e-02
7.723948349171199101e-01,2.419940372217181945e-01,2.000000000000000000e+00,2.000000000000000000e+00,7.723948349171199101e-01,2.000000000000000000e+00,1.274025429118424979e-01,6.000000000000000000e+00,2.000000000000000000e+00,7.723948349171199101e-01,1.328143419359086898e-02,-1.250820273679631445e-02,4.566431991435559307e-02,1.281104860196680129e-02,2.419940372217181945e-01,1.328143419359086898e-02
2.500126503887324381e-01,1.971463013920569107e-01,3.000000000000000000e+00,1.000000000000000000e+00,5.173679106232844660e-01,1.000000000000000000e+00,8.116137378605230157e-02,5.000000000000000000e-01,1.000000000000000000e+00,3.836902805060084520e-01,6.570833892906101370e-03,-1.293097834678247349e-02,2.879945761210601571e-02,1.281104860196680129e-02,1.971463013920569107e-01,6.570833892906101370e-03
2.500126503887324381e-01,3.609100390791771806e-01,4.000000000000000000e+00,1.000000000000000000e+00,1.295596152120254363e+00,2.750000000000000000e+00,1.560757680097351885e-01,4.250000000000000000e+00,1.875000000000000000e+00,7.032691580851350155e-01,3.640017980975951417e-02,-2.078135303342643070e-02,7.754160515642111173e-02,3.271996020357348378e-02,3.609100390791771806e-01,3.640017980975951417e-02
7.500999192082685729e-01,3.609100390791771806e-01,2.000000000000000000e+00,2.000000000000000000e+00,1.295596152120254363e+00,2.750000000000000000e+00,1.968149996413753322e-01,3.750000000000000000e+00,2.375000000000000000e+00,1.022848035664261523e+00,3.068504273087811068e-02,-2.078135303342643070e-02,7.448032418615932460e-02,3.271996020357348378e-02,3.609100390791771806e-01,3.068504273087811068e-02
nan,nan,0.000000000000000000e+00,nan,nan,nan,nan,nan,nan,nan,-2.360559314563359602e-04,-7.344892593451057827e-03,3.737719840247294076e-03,nan,9.017031186834834067e-03,-2.360559314563359602e-04
nan,nan,0.000000000000000000e+00,nan,nan,nan,nan,nan,nan,nan,-6.567927972640517703e-04,-7.344892593451057827e-03,3.035276450988352512e-03,nan,9.017031186834834067e-03,-6.567927972640517703e-04
nan,nan,0.000000000000000000e+00,nan,nan,nan,nan,nan,nan,nan,-6.561220815105975107e-04,-5.855187164416519874e-03,2.456369304891349494e-03,nan,5.731363797204125365e-03,-6.561220815105975107e-04
7.500121473505405589e-01,3.364664090515850914e-02,1.000000000000000000e+00,1.250000000000000000e+00,7.500121473505405589e-01,1.250000000000000000e+00,3.364664090515850914e-02,1.725000000000000000e+01,1.250000000000000000e+00,7.500121473505405589e-01,1.202228502096678534e-03,-7.941487990326290269e-03,8.872578446036300664e-03,3.364664090515850914e-02,3.364664090515850914e-02,1.202228502096678534e-03
7.500121473505405589e-01,2.413824459618991725e-01,4.000000000000000000e+00,1.250000000000000000e+00,1.012101874305933347e+00,1.500000000000000000e+00,1.242669443171822707e-01,7.250000000000000000e+00,1.375000000000000000e+00,8.446689713396450250e-01,2.437820822749118058e-02,-1.106584231249840844e-02,5.756874884620671873e-02,1.631906580751912861e-02,2.413824459618991725e-01,2.437820822749118058e-02
7.718928923624609473e-01,2.413824459618991725e-01,4.000000000000000000e+00,2.500000000000000000e-01,1.012101874305933347e+00,2.500000000000000000e+00,1.209738460834151458e-01,2.750000000000000000e+00,1.416666666666666741e+00,8.919973833341972025e-01,2.763203007664482083e-02,-1.106584231249840844e-02,5.767203022497966597e-02,1.631906580751912861e-02,2.413824459618991725e-01,2.763203007664482083e-02
0.000000000000000000e+00,2.047424797009000930e-02,1.000000000000000000e+00,2.500000000000000000e-01,0.000000000000000000e+00,2.500000000000000000e-01,2.047424797009000930e-02,2.500000000000000000e+00,2.500000000000000000e-01,0.000000000000000000e+00,4.258518425440041902e-03,-6.624531903814290246e-03,1.555995623460088018e-02,2.047424797009000930e-02,1.004334370232998208e-01,4.258518425440041902e-03
nan,nan,0.000000000000000000e+00,nan,nan,nan,nan,nan,nan,nan,-7.139293394288065420e-04,-4.584783388545510263e-03,1.843190969729026872e-03,nan,2.640117343560788310e-03,-7.139293394288065420e-04
0.000000000000000000e+00,1.911725818459603099e-02,1.000000000000000000e+00,0.000000000000000000e+00,0.000000000000000000e+00,0.000000000000000000e+00,1.911725818459603099e-02,1.900000000000000000e+01,0.000000000000000000e+00,0.000000000000000000e+00,8.489225015549037030e-05,-6.799752743899933893e-03,4.141143330491508200e-03,1.911725818459603099e-02,1.911725818459603099e-02,8.489225015549037030e-05
7.522245789099829549e-01,9.712964315772476542e-02,4.000000000000000000e+00,0.000000000000000000e+00,7.522245789099829549e-01,0.000000000000000000e+00,5.158657783676921793e-02,9.000000000000000000e+00,0.000000000000000000e+00,7.522245789099829549e-01,9.341688531650210736e-03,-8.680149412709114998e-03,2.324437594118286196e-02,1.770029754392637988e-02,9.712964315772476542e-02,9.341688531650210736e-03
5.029387376099103690e-01,1.063869136138084759e+00,6.000000000000000000e+00,1.750000000000000000e+00,1.086356353822455656e+00,3.250000000000000000e+00,3.046328979767647382e-01,1.750000000000000000e+00,2.750000000000000000e+00,7.805065567807830673e-01,9.224981538124918390e-02,-2.466391600246264915e-02,2.090815257420045314e-01,1.770029754392637988e-02,1.063869136138084759e+00,9.224981538124918390e-02
5.029387376099103690e-01,1.063869136138084759e+00,4.000000000000000000e+00,1.750000000000000000e+00,1.086356353822455656e+00,3.250000000000000000e+00,4.373625609190565644e-01,1.750000000000000000e+00,2.333333333333333481e+00,7.805126697075581710e-01,9.108851598529237037e-02,-2.466391600246264915e-02,2.097144929942609815e-01,8.594562810645245410e-02,1.063869136138084759e+00,9.108851598529237037e-02
7.522429176903085990e-01,1.088819089781187799e-01,1.000000000000000000e+00,2.000000000000000000e+00,7.522429176903085990e-01,2.000000000000000000e+00,1.088819089781187799e-01,3.500000000000000000e+00,2.000000000000000000e+00,7.522429176903085990e-01,7.532474987633616323e-03,-8.912023738089414060e-03,2.476937928909203612e-02,1.088819089781187799e-01,1.088819089781187799e-01,7.532474987633616323e-03
nan,nan,0.000000000000000000e+00,nan,nan,nan,nan,nan,nan,nan,-1.048204067870871312e-03,-6.902523679366612264e-03,2.825200145495252065e-03,nan,7.539908458614741349e-03,-1.048204067870871312e-03
nan,nan,0.000000000000000000e+00,nan,nan,nan,nan,nan,nan,nan,-1.355740819177623981e-03,-9.145435944627799962e-03,2.845256439949953638e-03,nan,4.422584722818090341e-03,-1.355740819177623981e-03
1.001088765861213092e+00,5.695356849079528105e-01,4.000000000000000000e+00,4.250000000000000000e+00,1.306541755257446979e+00,4.250000000000000000e+00,2.954365442404391362e-01,1.200000000000000000e+01,4.250000000000000000e+00,1.153815260559329925e+00,7.708982088583220260e-02,-2.297370200552717456e-02,1.394950741676642403e-01,9.734204649778199769e-02,5.695356849079528105e-01,7.708982088583220260e-02
1.001088765861213092e+00,5.695356849079528105e-01,5.000000000000000000e+00,5.000000000000000000e-01,1.306541755257446979e+00,5.000000000000000000e+00,2.439817063022229893e-01,2.000000000000000000e+00,3.250000000000000000e+00,1.153815260559329925e+00,7.983100352744584849e-02,-2.297370200552717456e-02,1.381072410815238627e-01,3.816235454935834603e-02,5.695356849079528105e-01,7.983100352744584849e-02
1.006905123677054315e+00,1.808184957813525617e-01,2.000000000000000000e+00,5.000000000000000000e-01,1.006905123677054315e+00,5.000000000000000000e-01,1.094904251653554539e-01,1.250000000000000000e+00,5.000000000000000000e-01,1.006905123677054315e+00,8.797951630324514841e-03,-1.701616658269122784e-02,3.811065184985885923e-02,3.816235454935834603e-02,1.808184957813525617e-01,8.797951630324514841e-03
1.006905123677054315e+00,1.808184957813525617e-01,3.000000000000000000e+00,2.500000000000000000e-01,1.006905123677054315e+00,3.000000000000000000e+00,1.054595782973760665e-01,9.750000000000000000e+00,1.625000000000000000e+00,1.006905123677054315e+00,1.859637776598252121e-02,-1.701616658269122784e-02,5.005842678260499778e-02,2.253095055918730161e-02,1.808184957813525617e-01,1.859637776598252121e-02
0.000000000000000000e+00,1.130292885515883361e-01,2.000000000000000000e+00,2.500000000000000000e-01,0.000000000000000000e+00,2.500000000000000000e-01,6.778011955538781885e-02,1.250000000000000000e+00,2.500000000000000000e-01,0.000000000000000000e+00,1.125467372138299824e-02,-9.246453823865019572e-03,3.536577007362184250e-02,2.253095055918730161e-02,1.728162695079873412e-01,1.125467372138299824e-02
nan,nan,0.000000000000000000e+00,nan,nan,nan,nan,nan,nan,nan,-1.231650806129648643e-03,-8.757782312801776214e-03,2.615846845922119041e-03,nan,4.393299700014341447e-03,-1.231650806129648643e-03
nan,nan,0.000000000000000000e+00,nan,nan,nan,nan,nan,nan,nan,-6.245098600757059476e-04,-8.757782312801776214e-03,2.545075272631963387e-03,nan,7.193276110550983482e-03,-6.245098600757059476e-04
5.012722575382735357e-01,6.748390627650668883e-02,1.000000000000000000e+00,1.500000000000000000e+00,5.012722575382735357e-01,1.500000000000000000e+00,6.748390627650668883e-02,1.800000000000000000e+01,1.500000000000000000e+00,5.012722575382735357e-01,3.119981420485741681e-03,-1.126462922815085754e-02,1.466914840765846766e-02,6.748390627650668883e-02,6.748390627650668883e-02,3.119981420485741681e-03
5.012722575382735357e-01,6.748390627650668883e-02,1.000000000000000000e+00,1.500000000000000000e+00,5.012722575382735357e-01,1.500000000000000000e+00,6.748390627650668883e-02,8.000000000000000000e+00,1.500000000000000000e+00,5.012722575382735357e-01,3.806213651567695762e-03,-1.126462922815085754e-02,1.468949935896539383e-02,6.748390627650668883e-02,6.748390627650668883e-02,3.806213651567695762e-03
nan,nan,0.000000000000000000e+00,nan,nan,nan,nan,nan,nan,nan,5.272783283557874951e-04,-3.830151638151702009e-03,3.045867934995765119e-03,nan,1.179166118581531641e-02,5.272783283557874951e-04
nan,nan,0.000000000000000000e+00,nan,nan,nan,nan,nan,nan,nan,-1.666393271594138192e-04,-5.245183772181194470e-03,2.848616355167441026e-03,nan,1.192600070109584021e-02,-1.666393271594138192e-04
nan,nan,0.000000000000000000e+00,nan,nan,nan,nan,nan,nan,nan,-2.103073464218285782e-04,-5.245183772181194470e-03,2.849983157380728185e-03,nan,1.192600070109584021e-02,-2.103073464218285782e-04
0.000000000000000000e+00,4.164167675257224310e-02,1.000000000000000000e+00,5.000000000000000000e-01,0.000000000000000000e+00,5.000000000000000000e-01,4.164167675257224310e-02,1.850000000000000000e+01,5.000000000000000000e-01,0.000000000000000000e+00,2.904968725663210688e-04,-3.388275493241615921e-02,7.718650594704237755e-03,4.164167675257224310e-02,4.164167675257224310e-02,2.904968725663210688e-04
5.014458076478962578e-01,7.614026420485753288e-02,2.000000000000000000e+00,5.000000000000000000e-01,5.014458076478962578e-01,1.500000000000000000e+00,5.889097047871488799e-02,8.500000000000000000e+00,1.000000000000000000e+00,5.014458076478962578e-01,4.654679163623677215e-03,-3.388275493241615921e-02,1.742297551260526059e-02,4.164167675257224310e-02,7.614026420485753288e-02,4.654679163623677215e-03
5.014458076478962578e-01,7.614026420485753288e-02,2.000000000000000000e+00,1.500000000000000000e+00,5.014458076478962578e-01,1.500000000000000000e+00,4.634157156491208740e-02,7.250000000000000000e+00,1.500000000000000000e+00,5.014458076478962578e-01,5.036585727300387123e-03,-9.540288467057622679e-03,1.600057468425527749e-02,1.654287892496664192e-02,7.614026420485753288e-02,5.036585727300387123e-03
0.000000000000000000e+00,1.654287892496664192e-02,1.000000000000000000e+00,0.000000000000000000e+00,0.000000000000000000e+00,0.000000000000000000e+00,1.654287892496664192e-02,4.500000000000000000e+00,0.000000000000000000e+00,0.000000000000000000e+00,6.961867379109990201e-04,-9.540288467057622679e-03,3.945807090405575347e-03,1.654287892496664192e-02,1.654287892496664192e-02,6.961867379109990201e-04
nan,nan,0.000000000000000000e+00,nan,nan,nan,nan,nan,nan,nan,-1.420333218168000290e-04,-4.609309711660070086e-03,2.204078651868719100e-03,nan,5.133185953177965555e-03,-1.420333218168000290e-04
nan,nan,0.000000000000000000e+00,nan,nan,nan,nan,nan,nan,nan,-3.155378235542807721e-04,-4.609309711660070086e-03,2.268131646809252912e-03,nan,5.133185953177965555e-03,-3.155378235542807721e-04
nan,nan,0.000000000000000000e+00,nan,nan,nan,nan,nan,nan,nan,-2.311130922251769458e-05,-4.570337089231990557e-03,3.629151394413427864e-03,nan,1.411368482502922683e-02,-2.311130922251769458e-05
nan,nan,0.000000000000000000e+00,nan,nan,nan,nan,nan,nan,nan,3.073978274613774100e-04,-4.570337089231990557e-03,3.484584224348474465e-03,nan,1.411368482502922683e-02,3.073978274613774100e-04
2.500154116800026305e-01,2.436771246325397655e-02,1.000000000000000000e+00,5.000000000000000000e-01,2.500154116800026305e-01,5.000000000000000000e-01,2.436771246325397655e-02,1.525000000000000000e+01,5.000000000000000000e-01,2.500154116800026305e-01,1.331407484534806538e-03,-5.059541901507591533e-03,5.257181503243807397e-03,2.436771246325397655e-02,2.436771246325397655e-02,1.331407484534806538e-03
2.500154116800026305e-01,2.436771246325397655e-02,2.000000000000000000e+00,2.500000000000000000e-01,2.500154116800026305e-01,5.000000000000000000e-01,2.329155420106107655e-02,5.250000000000000000e+00,3.750000000000000000e-01,2.500154116800026305e-01,2.188093770979716163e-03,-5.059541901507591533e-03,5.954228458175095731e-03,2.221539593886817654e-02,2.436771246325397655e-02,2.188093770979716163e-03
0.000000000000000000e+00,2.221539593886817654e-02,1.000000000000000000e+00,2.500000000000000000e-01,0.000000000000000000e+00,2.500000000000000000e-01,2.221539593886817654e-02,2.750000000000000000e+00,2.500000000000000000e-01,0.000000000000000000e+00,8.086996342629868212e-04,-4.943264941065894646e-03,3.596384956880487385e-03,2.221539593886817654e-02,2.221539593886817654e-02,8.086996342629868212e-04
3.750291262493265165e+00,7.029719105245058053e-02,1.000000000000000000e+00,4.250000000000000000e+00,3.750291262493265165e+00,4.250000000000000000e+00,7.029719105245058053e-02,1.900000000000000000e+01,4.250000000000000000e+00,3.750291262493265165e+00,4.897330904705112127e-03,-4.347565629716574342e-01,5.359741436482232113e-02,7.029719105245058053e-02,7.029719105245058053e-02,4.897330904705112127e-03
3.750291262493265165e+00,1.163567677515831011e-01,4.000000000000000000e+00,2.500000000000000000e-01,3.750291262493265165e+00,4.250000000000000000e+00,6.497278513277886247e-02,9.000000000000000000e+00,1.500000000000000000e+00,3.750291262493265165e+00,1.773088819457348253e-03,-6.900484228262224740e-01,1.000632665781077818e-01,2.117311441797553595e-02,1.163567677515831011e-01,1.773088819457348253e-03
1.000221403454390812e+00,1.163567677515831011e-01,4.000000000000000000e+00,2.500000000000000000e-01,1.000221403454390812e+00,1.500000000000000000e+00,5.914303186622367481e-02,5.000000000000000000e-01,8.125000000000000000e-01,1.000221403454390812e+00,-4.368737395506402943e-04,-6.900484228262224740e-01,8.506684902966717143e-02,2.117311441797553595e-02,1.163567677515831011e-01,-4.368737395506402943e-04
1.000221403454390812e+00,4.697817798622982988e-02,1.000000000000000000e+00,1.500000000000000000e+00,1.000221403454390812e+00,1.500000000000000000e+00,4.697817798622982988e-02,3.750000000000000000e+00,1.500000000000000000e+00,1.000221403454390812e+00,2.687437769474038726e-03,-1.605323632764621422e-02,1.049863659296723824e-02,4.697817798622982988e-02,4.697817798622982988e-02,2.687437769474038726e-03
nan,nan,0.000000000000000000e+00,nan,nan,nan,nan,nan,nan,nan,-1.256648675116128874e-04,-3.807802504390167542e-03,1.654014820656657956e-03,nan,3.753742225732492610e-03,-1.256648675116128874e-04
nan,nan,0.000000000000000000e+00,nan,nan,nan,nan,nan,nan,nan,-8.364798760132214066e-05,-3.713036428674709732e-03,1.705291842262397035e-03,nan,4.020546522964851821e-03,-8.364798760132214066e-05
nan,nan,0.000000000000000000e+00,nan,nan,nan,nan,nan,nan,nan,5.197331122483161709e-05,-4.797485325447270466e-03,2.000039803953284484e-03,nan,4.573370695757972282e-03,5.197331122483161709e-05
2.500300039396132767e-01,2.403156530067251939e-02,1.000000000000000000e+00,5.000000000000000000e-01,2.500300039396132767e-01,5.000000000000000000e-01,2.403156530067251939e-02,1.750000000000000000e+01,5.000000000000000000e-01,2.500300039396132767e-01,8.969079109386122583e-04,-4.797485325447270466e-03,4.544039157897819536e-03,2.403156530067251939e-02,2.403156530067251939e-02,8.969079109386122583e-04
2.500300039396132767e-01,2.403156530067251939e-02,1.000000000000000000e+00,5.000000000000000000e-01,2.500300039396132767e-01,5.000000000000000000e-01,2.403156530067251939e-02,7.500000000000000000e+00,5.000000000000000000e-01,2.500300039396132767e-01,9.076939926722336904e-04,-4.226771689247121877e-03,4.463175226490400868e-03,2.403156530067251939e-02,2.403156530067251939e-02,9.076939926722336904e-04
nan,nan,0.000000000000000000e+00,nan,nan,nan,nan,nan,nan,nan,6.179813427469385556e-05,-4.226771689247121877e-03,1.740251736781005297e-03,nan,4.271992002973012958e-03,6.179813427469385556e-05
nan,nan,0.000000000000000000e+00,nan,nan,nan,nan,nan,nan,nan,-2.129482450408670544e-05,-5.032402288328852169e-03,1.831377445641896567e-03,nan,4.304189866290497601e-03,-2.129482450408670544e-05
nan,nan,0.000000000000000000e+00,nan,nan,nan,nan,nan,nan,nan,-7.025881980520439786e-05,-5.032402288328852169e-03,1.902408384590611491e-03,nan,6.413527751440495361e-03,-7.025881980520439786e-05
nan,nan,0.000000000000000000e+00,nan,nan,nan,nan,nan,nan,nan,6.265578215732190413e-05,-3.723472516171555391e-03,1.796423472462415228e-03,nan,6.413527751440495361e-03,6.265578215732190413e-05
0.000000000000000000e+00,3.035448983356314745e-02,1.000000000000000000e+00,5.000000000000000000e-01,0.000000000000000000e+00,5.000000000000000000e-01,3.035448983356314745e-02,1.300000000000000000e+01,5.000000000000000000e-01,0.000000000000000000e+00,4.353181454376644837e-04,-2.316482726902052702e-02,5.718960394602217584e-03,3.035448983356314745e-02,3.035448983356314745e-02,4.353181454376644837e-04
0.000000000000000000e+00,3.035448983356314745e-02,1.000000000000000000e+00,5.000000000000000000e-01,0.000000000000000000e+00,5.000000000000000000e-01,3.035448983356314745e-02,3.000000000000000000e+00,5.000000000000000000e-01,0.000000000000000000e+00,3.228224024576606291e-04,-2.316482726902052702e-02,5.672029397849212215e-03,3.035448983356314745e-02,3.035448983356314745e-02,3.228224024576606291e-04
nan,nan,0.000000000000000000e+00,nan,nan,nan,nan,nan,nan,nan,-6.860828361266516344e-05,-3.723910333928659444e-03,1.621681082465635266e-03,nan,3.510396143250549272e-03,-6.860828361266516344e-05
nan,nan,0.000000000000000000e+00,nan,nan,nan,nan,nan,nan,nan,-1.171236764228797411e-04,-3.723910333928659444e-03,1.660656778337934406e-03,nan,4.049899817231805699e-03,-1.171236764228797411e-04
nan,nan,0.000000000000000000e+00,nan,nan,nan,nan,nan,nan,nan,-1.028413008384319925e-04,-3.203840762484200244e-03,1.479046100057044167e-03,nan,4.049899817231805699e-03,-1.028413008384319925e-04
nan,nan,0.000000000000000000e+00,nan,nan,nan,nan,nan,nan,nan,4.613625230591306001e-05,-3.645230642438546109e-03,1.868766926259531752e-03,nan,8.160211330087707715e-03,4.613625230591306001e-05
nan,nan,0.000000000000000000e+00,nan,nan,nan,nan,nan,nan,nan,7.535001929402513330e-05,-3.645230642438546109e-03,1.930567509288868460e-03,nan,8.160211330087707715e-03,7.535001929402513330e-05
nan,nan,0.000000000000000000e+00,nan,nan,nan,nan,nan,nan,nan,-5.366051847142324922e-05,-3.078710935805861748e-03,1.363342757154712001e-03,nan,4.063700229622935201e-03,-5.366051847142324922e-05
nan,nan,0.000000000000000000e+00,nan,nan,nan,nan,nan,nan,nan,-5.105619850311188392e-05,-2.780087692274835209e-03,1.178991229152107989e-03,nan,2.672854308917060884e-03,-5.105619850311188392e-05
nan,nan,0.000000000000000000e+00,nan,nan,nan,nan,nan,nan,nan,-5.039380943889851385e-05,-3.009244265348376413e-03,1.213920043853857021e-03,nan,2.672854308917060884e-03,-5.039380943889851385e-05
nan,nan,0.000000000000000000e+00,nan,nan,nan,nan,nan,nan,nan,-4.621086698214857538e-05,-3.009244265348376413e-03,1.024222026505644881e-03,nan,2.546373426543901974e-03,-4.621086698214857538e-05
nan,nan,0.000000000000000000e+00,nan,nan,nan,nan,nan,nan,nan,-2.447266094325023619e-04,-2.449700615310634877e-02,2.977037691033526494e-03,nan,2.907523743256368309e-03,-2.447266094325023619e-04
0.000000000000000000e+00,2.919529735428944006e-02,1.000000000000000000e+00,5.000000000000000000e-01,0.000000000000000000e+00,5.000000000000000000e-01,2.919529735428944006e-02,1.025000000000000000e+01,5.000000000000000000e-01,0.000000000000000000e+00,4.802353855852578676e-04,-2.449700615310634877e-02,5.462735993939964001e-03,2.919529735428944006e-02,2.919529735428944006e-02,4.802353855852578676e-04
0.000000000000000000e+00,2.919529735428944006e-02,1.000000000000000000e+00,5.000000000000000000e-01,0.000000000000000000e+00,5.000000000000000000e-01,2.919529735428944006e-02,2.500000000000000000e-01,5.000000000000000000e-01,0.000000000000000000e+00,5.780217032968174452e-04,-1.452122642517950091e-02,4.661139734596447814e-03,2.919529735428944006e-02,2.919529735428944006e-02,5.780217032968174452e-04
nan,nan,0.000000000000000000e+00,nan,nan,nan,nan,nan,nan,nan,-1.807880435529252844e-03,-1.355796417918397889e-02,4.848988816091324115e-03,nan,3.870893901040395324e-03,-1.807880435529252844e-03
4.500495965159118761e+00,9.113886368555362827e-02,1.000000000000000000e+00,5.000000000000000000e+00,4.500495965159118761e+00,5.000000000000000000e+00,9.113886368555362827e-02,1.600000000000000000e+01,5.000000000000000000e+00,4.500495965159118761e+00,-4.539565010496986706e-03,-1.269436629558325369e-01,4.948894283577295883e-02,9.113886368555362827e-02,9.113886368555362827e-02,-4.539565010496986706e-03
