,dur_max,dur_mean,dur_min,latency,n_peak,pha_auc,pha_max,pha_mean,pha_min,pha_std,pks_max,pks_mean,pks_min,slp_max,slp_mean,slp_min
0.0,0.0,0.0,0.0,0.0,1,-0.06177838753635804,0.0019244706650102805,-0.06177838753635804,-0.48254019670731013,0.12106220867297743,1.7763568394002505e-15,1.7763568394002505e-15,1.7763568394002505e-15,0.0,0.0,0.0
5.0,,,,,0,-0.004938353602777938,0.004630126316412464,-0.004938353602777938,-0.0701675086948711,0.014244739125002468,,,,,,
10.0,,,,,0,0.00039313204975810885,0.004630126316412464,0.00039313204975810885,-0.004213185678938636,0.0022710857507670435,,,,,,
15.0,,,,,0,0.0008728382415466042,0.006082477051121915,0.0008728382415466042,-0.004213185678938636,0.00294279146519809,,,,,,
20.0,,,,,0,0.0011236906750334353,0.006082477051121915,0.0011236906750334353,-0.004213185678938636,0.0028783445924093825,,,,,,
25.0,,,,,0,0.0012963192623132115,0.006082477051121915,0.0012963192623132115,-0.0019470143738664625,0.0022839381089524873,,,,,,
30.0,,,,,0,0.0005393186120774917,0.006082477051121915,0.0005393186120774917,-0.0019470143738664625,0.002181798394983897,,,,,,
35.0,,,,,0,-7.520660225472416e-05,0.00444179300039943,-7.520660225472416e-05,-0.0017204927609769105,0.0010768742435624391,,,,,,
40.0,,,,,0,-0.0002608159684055681,0.0015472674543169918,-0.0002608159684055681,-0.0015982783165311987,0.000653271823547799,,,,,,
45.0,,,,,0,-0.00011463819173669316,0.0015472674543169918,-0.00011463819173669316,-0.0015982783165311987,0.0007040934646295556,,,,,,
50.0,,,,,0,-6.192428810894909e-05,0.0015472674543169918,-6.192428810894909e-05,-0.0015982783165311987,0.0006958026826396687,,,,,,
55.0,,,,,0,-7.445864566567622e-06,0.0015472674543169918,-7.445864566567622e-06,-0.0015982783165311987,0.0006478614132147114,,,,,,
60.0,,,,,0,1.3435099935255859e-05,0.0011888586996613992,1.3435099935255859e-05,-0.0010954541828886999,0.0005525277534536842,,,,,,
65.0,,,,,0,-0.000543084901304818,0.0011888586996613992,-0.000543084901304818,-0.004379544843949146,0.001177205216023049,,,,,,
70.0,,,,,0,-4.816276126262134e-05,0.004522156934837707,-4.816276126262134e-05,-0.004379544843949146,0.002088275832802568,,,,,,
75.0,,,,,0,-0.000569958524276582,0.004522156934837707,-0.000569958524276582,-0.00788816871660164,0.0027762996398205614,,,,,,
80.0,0.0,0.0,0.0,19.0,1,0.0016190508530683394,0.017840797038526035,0.0016190508530683394,-0.00810532746470155,0.006861676977454008,0.017840797038526035,0.017840797038526035,0.017840797038526035,0.0,0.0,0.0
85.0,0.0,0.0,0.0,14.0,1,0.0035434478834886337,0.017840797038526035,0.0035434478834886337,-0.00810532746470155,0.007171446469933423,0.017840797038526035,0.017840797038526035,0.017840797038526035,0.0,0.0,0.0
90.0,0.0,0.0,0.0,9.0,1,0.0028071476795028445,0.017840797038526035,0.0028071476795028445,-0.00810532746470155,0.007353499828713545,0.017840797038526035,0.017840797038526035,0.017840797038526035,0.0,0.0,0.0
95.0,0.0,0.0,0.0,4.0,1,0.002989100771290176,0.017840797038526035,0.002989100771290176,-0.00810532746470155,0.007127961890227264,0.017840797038526035,0.017840797038526035,0.017840797038526035,0.0,0.0,0.0
100.0,,,,,0,0.0015152413952449673,0.0165193602212087,0.0015152413952449673,-0.002405455981087712,0.004578033005483358,,,,,,
105.0,,,,,0,-0.0005341005282857466,0.0017935437575571922,-0.0005341005282857466,-0.002405455981087712,0.0011089509434031243,,,,,,
110.0,,,,,0,-0.00012023558278854883,0.0017935437575571922,-0.00012023558278854883,-0.002405455981087712,0.0009712257772173902,,,,,,
115.0,,,,,0,6.003144368121341e-05,0.0017935437575571922,6.003144368121341e-05,-0.0017424305734492496,0.0008828748792388383,,,,,,
120.0,,,,,0,-1.0374820589098014e-05,0.0018001925254640394,-1.0374820589098014e-05,-0.0017424305734492496,0.0008755000312245521,,,,,,
125.0,,,,,0,5.499323030243342e-05,0.0018001925254640394,5.499323030243342e-05,-0.0017424305734492496,0.0008029838961726857,,,,,,
130.0,,,,,0,-4.424663416894888e-05,0.0018001925254640394,-4.424663416894888e-05,-0.001420117134135368,0.0007148890726215387,,,,,,
135.0,,,,,0,-1.3458863389480574e-05,0.0018001925254640394,-1.3458863389480574e-05,-0.0012691110605515532,0.0007724222299202025,,,,,,
140.0,,,,,0,-0.0008010957199494317,0.0017251972746658573,-0.0008010957199494317,-0.005682037927829897,0.0015707358043392905,,,,,,
145.0,0.0,0.0,0.0,19.0,1,-3.8282264135976555e-06,0.013633456678805722,-3.8282264135976555e-06,-0.007159941765731592,0.004699579435779337,0.013633456678805722,0.013633456678805722,0.013633456678805722,0.0,0.0,0.0
150.0,0.0,0.0,0.0,14.0,1,0.001409621022356475,0.013633456678805722,0.001409621022356475,-0.007159941765731592,0.005513784596889345,0.013633456678805722,0.013633456678805722,0.013633456678805722,0.0,0.0,0.0
155.0,0.0,0.0,0.0,9.0,1,0.0014840862669367014,0.013633456678805722,0.0014840862669367014,-0.007159941765731592,0.005486288824045695,0.013633456678805722,0.013633456678805722,0.013633456678805722,0.0,0.0,0.0
160.0,0.0,0.0,0.0,4.0,1,0.0018296456143358346,0.013633456678805722,0.0018296456143358346,-0.007159941765731592,0.0052218644751199994,0.013633456678805722,0.013633456678805722,0.013633456678805722,0.0,0.0,0.0
165.0,,,,,0,0.0014080513436342237,0.010687385844318498,0.0014080513436342237,-0.0023381011734090462,0.0034351702837501375,,,,,,
170.0,,,,,0,-0.0002403123052504103,0.0011887121194212869,-0.0002403123052504103,-0.0023381011734090462,0.0007605481621184305,,,,,,
175.0,,,,,0,-0.0004344691159475913,0.0007170082319253313,-0.0004344691159475913,-0.0023381011734090462,0.0006639730251039594,,,,,,
180.0,,,,,0,-0.00026343654219971636,0.0011572789457927057,-0.00026343654219971636,-0.0013988488654169129,0.0006063374528350463,,,,,,
185.0,,,,,0,-0.0002357304083579874,0.0011572789457927057,-0.0002357304083579874,-0.0014235027851307591,0.0006404386063490256,,,,,,
190.0,,,,,0,-0.00016031194128655383,0.0013122622121946592,-0.00016031194128655383,-0.0014235027851307591,0.0007568888468849796,,,,,,
195.0,,,,,0,-0.00016016506495900232,0.0013122622121946592,-0.00016016506495900232,-0.0014235027851307591,0.0007583385929765011,,,,,,
200.0,,,,,0,-0.00014849163299634495,0.0013122622121946592,-0.00014849163299634495,-0.0014235027851307591,0.0007450047913544303,,,,,,
205.0,,,,,0,-0.000130169101435498,0.0013122622121946592,-0.000130169101435498,-0.0014215589837103249,0.0007429680252996111,,,,,,
210.0,,,,,0,-0.00019390101056491384,0.0010018771011984784,-0.00019390101056491384,-0.0014215589837103249,0.0006731625332714074,,,,,,
215.0,,,,,0,-0.00014006518219290663,0.0010018771011984784,-0.00014006518219290663,-0.0014215589837103249,0.0005933777216385873,,,,,,
220.0,,,,,0,-0.0001331581233113101,0.0010018771011984784,-0.0001331581233113101,-0.0014444007849805374,0.0005820173414137609,,,,,,
225.0,,,,,0,-0.00015596965672564104,0.0009635270714623556,-0.00015596965672564104,-0.0014444007849805374,0.0005446269355511783,,,,,,
230.0,,,,,0,-0.0002154385785921891,0.0006868564615157835,-0.0002154385785921891,-0.0014444007849805374,0.0005037365974773646,,,,,,
235.0,,,,,0,-0.00019225832008819513,0.0006868564615157835,-0.00019225832008819513,-0.0014444007849805374,0.0005099104687884352,,,,,,
240.0,,,,,0,-0.000455469902340932,0.0006086012780468497,-0.000455469902340932,-0.002714864584117349,0.0007779604032977292,,,,,,
245.0,,,,,0,-0.0003119817467998934,0.005042759030035704,-0.0003119817467998934,-0.003982372366917175,0.0017502422127208,,,,,,
250.0,,,,,0,0.00012257110262353248,0.005042759030035704,0.00012257110262353248,-0.003982372366917175,0.0020553789607249684,,,,,,
255.0,,,,,0,-8.770122461292141e-05,0.005042759030035704,-8.770122461292141e-05,-0.003982372366917175,0.0021193835283398023,,,,,,
260.0,,,,,0,0.0001687417127683938,0.005042759030035704,0.0001687417127683938,-0.003982372366917175,0.0020488911292865252,,,,,,
265.0,,,,,0,0.0001494107733770469,0.004829730605589055,0.0001494107733770469,-0.0019633379235961534,0.001548673227676317,,,,,,
270.0,,,,,0,-0.0003519408890220949,0.0012225087563300652,-0.0003519408890220949,-0.0019633379235961534,0.000794155169562338,,,,,,
275.0,,,,,0,-0.00019619815508973483,0.0012225087563300652,-0.00019619815508973483,-0.0019480294306298829,0.0007202315869341855,,,,,,
280.0,,,,,0,-0.0003239361212946846,0.0012225087563300652,-0.0003239361212946846,-0.0019480294306298829,0.0007436774320918076,,,,,,
285.0,,,,,0,7.175169894456955e-05,0.0025400786310252332,7.175169894456955e-05,-0.0018941361358398856,0.0009742610708615867,,,,,,
290.0,,,,,0,-0.00010866790060258163,0.0025400786310252332,-0.00010866790060258163,-0.0018941361358398856,0.001011416799730551,,,,,,
295.0,,,,,0,-3.101110457057256e-05,0.0025400786310252332,-3.101110457057256e-05,-0.0018941361358398856,0.0009942641276835663,,,,,,
300.0,,,,,0,0.00014544825315648688,0.0025400786310252332,0.00014544825315648688,-0.001513343689114044,0.0009086103205691566,,,,,,
305.0,,,,,0,-0.00038678714524826283,0.0008406786763253682,-0.00038678714524826283,-0.0018968857688761998,0.0006750872572435048,,,,,,
310.0,,,,,0,-0.00014272011640163628,0.0039082739572219305,-0.00014272011640163628,-0.002548088170876095,0.0012090149946870736,,,,,,
315.0,,,,,0,-0.0011676190503174255,0.0039082739572219305,-0.0011676190503174255,-0.009588323619522554,0.002689423875593752,,,,,,
320.0,1.5,1.5,1.5,17.0,1,0.0033165981909523447,0.02501392853471196,0.0033165981909523447,-0.009588323619522554,0.0092083212809736,0.02501392853471196,0.02501392853471196,0.02501392853471196,0.5000004684025574,0.5000004684025574,0.5000004684025574
325.0,1.5,1.5,1.5,12.0,1,0.00392906671216366,0.02501392853471196,0.00392906671216366,-0.009588323619522554,0.009089917488320188,0.02501392853471196,0.02501392853471196,0.02501392853471196,0.5000004684025574,0.5000004684025574,0.5000004684025574
330.0,1.5,1.5,1.5,7.0,1,0.003886088451564029,0.02501392853471196,0.003886088451564029,-0.009588323619522554,0.009056309785137445,0.02501392853471196,0.02501392853471196,0.02501392853471196,0.5000004684025574,0.5000004684025574,0.5000004684025574
335.0,1.5,1.5,1.5,2.0,1,0.004769276051514549,0.02501392853471196,0.004769276051514549,-0.001427605587088987,0.00820272174442231,0.02501392853471196,0.02501392853471196,0.02501392853471196,0.5000004684025574,0.5000004684025574,0.5000004684025574
340.0,,,,,0,0.0005895024017499536,0.01393332910879741,0.0005895024017499536,-0.001427605587088987,0.002692193970427841,,,,,,
345.0,,,,,0,-0.0003326859148500107,0.0010406949622687733,-0.0003326859148500107,-0.001520401484393974,0.0006145976089106441,,,,,,
350.0,,,,,0,-0.0002178925218342195,0.0020935140468479885,-0.0002178925218342195,-0.001520401484393974,0.0007676517828200828,,,,,,
355.0,,,,,0,-8.669557396392224e-05,0.0020935140468479885,-8.669557396392224e-05,-0.001520401484393974,0.0007456651615309608,,,,,,
360.0,,,,,0,-3.316723809775486e-05,0.0020935140468479885,-3.316723809775486e-05,-0.001520401484393974,0.0007203811540196495,,,,,,
365.0,,,,,0,4.464302335988723e-05,0.0020935140468479885,4.464302335988723e-05,-0.000978601027956827,0.000622599627701935,,,,,,
370.0,,,,,0,-0.000101280075551499,0.0008178148501324367,-0.000101280075551499,-0.0006683413610270583,0.00041614302843287916,,,,,,
375.0,,,,,0,-0.0004426035929534432,0.000444417219823412,-0.0004426035929534432,-0.002624294957650708,0.0006969268324605073,,,,,,
380.0,,,,,0,-0.00010232747845355824,0.002470712455276247,-0.00010232747845355824,-0.002624294957650708,0.0010633790793796057,,,,,,
385.0,,,,,0,-7.671441735240678e-05,0.002470712455276247,-7.671441735240678e-05,-0.002624294957650708,0.0010840218971485962,,,,,,
390.0,,,,,0,-0.00015828621486146808,0.002470712455276247,-0.00015828621486146808,-0.002624294957650708,0.0011127791170384913,,,,,,
395.0,,,,,0,0.00020288978846337737,0.002470712455276247,0.00020288978846337737,-0.0014029729671435898,0.0009138412309901675,,,,,,
400.0,,,,,0,-7.274347877916378e-05,0.0012818302851987373,-7.274347877916378e-05,-0.0014029729671435898,0.0006450033720046869,,,,,,
405.0,,,,,0,-6.327218748330164e-05,0.0012818302851987373,-6.327218748330164e-05,-0.0014029729671435898,0.000615548414470063,,,,,,
410.0,,,,,0,-6.237976299354633e-05,0.0012818302851987373,-6.237976299354633e-05,-0.0014029729671435898,0.0006280126773224389,,,,,,
415.0,,,,,0,-3.153771729247898e-05,0.0012818302851987373,-3.153771729247898e-05,-0.0009906009182251707,0.0005813580134003103,,,,,,
420.0,,,,,0,-0.0001475735622058521,0.00109560874195197,-0.0001475735622058521,-0.0011554557759104744,0.0005974566734591618,,,,,,
425.0,,,,,0,-0.00011298148698581598,0.0014374263741967486,-0.00011298148698581598,-0.0011554557759104744,0.0006139358756593884,,,,,,
430.0,,,,,0,-9.175891758946246e-05,0.0014374263741967486,-9.175891758946246e-05,-0.0011554557759104744,0.0005984973179865925,,,,,,
435.0,,,,,0,-0.00011229498487679589,0.0014374263741967486,-0.00011229498487679589,-0.0011554557759104744,0.0006113991355705706,,,,,,
440.0,,,,,0,-0.00014880944537425957,0.0014374263741967486,-0.00014880944537425957,-0.0010316605272208124,0.0005557892704149874,,,,,,
445.0,,,,,0,-0.00012331454254970202,0.0009396193001349196,-0.00012331454254970202,-0.0010316605272208124,0.0005456972825906057,,,,,,
450.0,,,,,0,-0.00015506493110109475,0.0009396193001349196,-0.00015506493110109475,-0.0010316605272208124,0.0005495339130976419,,,,,,
455.0,,,,,0,-0.00013595383081230138,0.0008528481932945087,-0.00013595383081230138,-0.001149116288403973,0.0005733117787938713,,,,,,
460.0,,,,,0,-6.698537934302085e-05,0.0010164670441651924,-6.698537934302085e-05,-0.001149116288403973,0.0006104888747194945,,,,,,
465.0,,,,,0,-7.876909338112013e-05,0.0010164670441651924,-7.876909338112013e-05,-0.001149116288403973,0.000574535030287545,,,,,,
470.0,,,,,0,-6.948498221526889e-05,0.0010164670441651924,-6.948498221526889e-05,-0.0013930829423571822,0.0006418890567475063,,,,,,
475.0,,,,,0,-0.00010219948879075513,0.0010164670441651924,-0.00010219948879075513,-0.0013930829423571822,0.0005985525638283172,,,,,,
480.0,,,,,0,-0.00011427324226465085,0.0011927432858664933,-0.00011427324226465085,-0.0013930829423571822,0.0006254762889786724,,,,,,
485.0,,,,,0,-0.0001609339102519429,0.0011927432858664933,-0.0001609339102519429,-0.0013930829423571822,0.0006318795978927945,,,,,,
490.0,,,,,0,-0.0001582056793420711,0.0011927432858664933,-0.0001582056793420711,-0.001172937131377727,0.0006223136217443594,,,,,,
495.0,,,,,0,-0.00040316549263742346,0.0011927432858664933,-0.00040316549263742346,-0.0029076918171273003,0.0008989241777823796,,,,,,
500.0,,,,,0,-0.0001315614135630668,0.00313324099322726,-0.0001315614135630668,-0.0029076918171273003,0.0012669753456547672,,,,,,
505.0,,,,,0,1.3256739479506869e-05,0.00313324099322726,1.3256739479506869e-05,-0.0029076918171273003,0.001312220229855059,,,,,,
510.0,,,,,0,-0.0001003697503036971,0.00313324099322726,-0.0001003697503036971,-0.0029076918171273003,0.0013682485149212316,,,,,,
515.0,,,,,0,0.00016946362429170754,0.00313324099322726,0.00016946362429170754,-0.0023617930672789056,0.0012932918636395295,,,,,,
520.0,,,,,0,8.876973128086452e-05,0.002367256127827566,8.876973128086452e-05,-0.0023617930672789056,0.0011166425974710552,,,,,,
525.0,,,,,0,-0.00019011713911717355,0.0019271851840291232,-0.00019011713911717355,-0.0023617930672789056,0.00103994686795946,,,,,,
530.0,,,,,0,-4.307087284302015e-05,0.0019271851840291232,-4.307087284302015e-05,-0.0023617930672789056,0.001032278923123846,,,,,,
535.0,,,,,0,2.3937119135679262e-05,0.0019271851840291232,2.3937119135679262e-05,-0.0017762856400613813,0.0007877219302176561,,,,,,
540.0,,,,,0,-2.0843398249730682e-05,0.0014307441332976345,-2.0843398249730682e-05,-0.0017762856400613813,0.0007134692106751073,,,,,,
545.0,,,,,0,5.855856857313696e-05,0.0014307441332976345,5.855856857313696e-05,-0.0017762856400613813,0.0007027490012329298,,,,,,
550.0,,,,,0,3.9564387442930104e-05,0.0011490647778094054,3.9564387442930104e-05,-0.0014240556664593118,0.0006311858026704136,,,,,,
555.0,,,,,0,6.47283490177473e-05,0.0011490647778094054,6.47283490177473e-05,-0.0014240556664593118,0.0006210091671948354,,,,,,
560.0,,,,,0,-4.884293879768068e-05,0.0011490647778094054,-4.884293879768068e-05,-0.0014286067520870582,0.0006691703303912437,,,,,,
565.0,,,,,0,-0.0007304699188684128,0.0011490647778094054,-0.0007304699188684128,-0.008627872701618688,0.0018880684379787922,,,,,,
570.0,,,,,0,-0.0008831676640120977,0.003924689729799424,-0.0008831676640120977,-0.009272555453726905,0.0030561354055908523,,,,,,
575.0,,,,,0,0.0004569797448487582,0.008539886332317281,0.0004569797448487582,-0.009272555453726905,0.004277087218346973,,,,,,
580.0,,,,,0,0.0004200044758947229,0.008539886332317281,0.0004200044758947229,-0.009272555453726905,0.0042967096177396495,,,,,,
585.0,,,,,0,0.001473150794969103,0.008539886332317281,0.001473150794969103,-0.009272555453726905,0.003989544901791571,,,,,,
590.0,,,,,0,0.0016208981900100233,0.008539886332317281,0.0016208981900100233,-0.0027286133940293,0.0029324255349964146,,,,,,
595.0,,,,,0,0.0004986950374995538,0.003991823503685987,0.0004986950374995538,-0.0027286133940293,0.001632093462772213,,,,,,
600.0,,,,,0,0.00053929255535514,0.003991823503685987,0.00053929255535514,-0.0027286133940293,0.0016110647245604064,,,,,,
605.0,,,,,0,-5.5102276062122315e-05,0.0021730161764123568,-5.5102276062122315e-05,-0.0027286133940293,0.0012095108138520203,,,,,,
610.0,,,,,0,0.0001222898506622957,0.0021730161764123568,0.0001222898506622957,-0.0010428441830566682,0.0008812108240398892,,,,,,
615.0,,,,,0,-0.0002129696160635408,0.0015534535277300643,-0.0002129696160635408,-0.0015813862423059155,0.000654412854971579,,,,,,
620.0,,,,,0,-0.0001317963180970349,0.0015989429605881567,-0.0001317963180970349,-0.0015813862423059155,0.0006892794793923783,,,,,,
625.0,,,,,0,-0.00016152533030519624,0.0015989429605881567,-0.00016152533030519624,-0.0015813862423059155,0.0007060428155325402,,,,,,
630.0,,,,,0,3.794381683177935e-05,0.0021908230758360125,3.794381683177935e-05,-0.0015813862423059155,0.0008986515276650505,,,,,,
635.0,,,,,0,0.00014677546297336568,0.0021908230758360125,0.00014677546297336568,-0.0015629541354719723,0.0008694267907935453,,,,,,
640.0,,,,,0,3.5101830428185006e-05,0.0021908230758360125,3.5101830428185006e-05,-0.0015629541354719723,0.0008744735695159016,,,,,,
645.0,,,,,0,-2.2423906403869718e-05,0.0021908230758360125,-2.2423906403869718e-05,-0.0014176722472968861,0.0008493924207284183,,,,,,
650.0,,,,,0,-4.022567377168421e-05,0.0020687262716060917,-4.022567377168421e-05,-0.001750662904856759,0.0008411734512065825,,,,,,
655.0,,,,,0,-0.0003946336058455735,0.0017516562694627202,-0.0003946336058455735,-0.0035413241466666356,0.0010524512344972231,,,,,,
660.0,,,,,0,-0.0001653558046991134,0.0032267269919012964,-0.0001653558046991134,-0.0035413241466666356,0.0013937991715773533,,,,,,
665.0,,,,,0,0.0001244260101086023,0.0032267269919012964,0.0001244260101086023,-0.0035413241466666356,0.0014234230334503402,,,,,,
670.0,,,,,0,0.00013709704342904015,0.0032267269919012964,0.00013709704342904015,-0.0035413241466666356,0.001347297201897093,,,,,,
675.0,,,,,0,0.0002860286033775625,0.0032267269919012964,0.0002860286033775625,-0.0029902347933171702,0.001141115342404595,,,,,,
680.0,,,,,0,0.00013868078183967915,0.001729607308038117,0.00013868078183967915,-0.0008616681534430182,0.0006383724097991786,,,,,,
685.0,,,,,0,-0.0002442610838877061,0.0008167705448370866,-0.0002442610838877061,-0.0020483600216521514,0.0007377700950821856,,,,,,
690.0,,,,,0,-0.00011156047153281251,0.0021856798679855127,-0.00011156047153281251,-0.0020483600216521514,0.0010737476084166679,,,,,,
695.0,,,,,0,-0.00021299624772089988,0.0021856798679855127,-0.00021299624772089988,-0.0021564572169759377,0.0011888385689121231,,,,,,
700.0,,,,,0,-1.2795635989334771e-05,0.0023068681183531226,-1.2795635989334771e-05,-0.002951386031392944,0.0014672386638572804,,,,,,
705.0,,,,,0,0.00020751253644874906,0.0023068681183531226,0.00020751253644874906,-0.002951386031392944,0.001377071811490564,,,,,,
710.0,,,,,0,5.55756407027728e-05,0.0023068681183531226,5.55756407027728e-05,-0.002951386031392944,0.0011787454034302102,,,,,,
715.0,,,,,0,7.520757091124094e-05,0.0023068681183531226,7.520757091124094e-05,-0.002951386031392944,0.0010375775561425175,,,,,,
720.0,,,,,0,1.718049789068949e-05,0.0025104783567274636,1.718049789068949e-05,-0.0013033063281452373,0.0007771728096553327,,,,,,
725.0,,,,,0,-0.0007429365159533142,0.0025104783567274636,-0.0007429365159533142,-0.006075098438789006,0.0016846401556227795,,,,,,
730.0,,,,,0,-2.6858247655740966e-05,0.007935135403179194,-2.6858247655740966e-05,-0.006075098438789006,0.0033518931491375572,,,,,,
735.0,,,,,0,-0.000505446947125293,0.007935135403179194,-0.000505446947125293,-0.006384377079933667,0.0038458872443455556,,,,,,
740.0,,,,,0,0.0004390025891029358,0.007935135403179194,0.0004390025891029358,-0.006384377079933667,0.004315120187351706,,,,,,
745.0,,,,,0,0.0008065947630927576,0.007935135403179194,0.0008065947630927576,-0.006384377079933667,0.004137422566877388,,,,,,
750.0,,,,,0,0.000503846288300048,0.0062854147315027364,0.000503846288300048,-0.006384377079933667,0.0031176850486297914,,,,,,
755.0,,,,,0,-0.0004317043232379583,0.0062854147315027364,-0.0004317043232379583,-0.010933983209612697,0.003774205108824003,,,,,,
760.0,0.0,0.0,0.0,19.0,1,-0.0002152087491036388,0.015379961936283604,-0.0002152087491036388,-0.012013564621622452,0.006285819600064444,0.015379961936283604,0.015379961936283604,0.015379961936283604,0.0,0.0,0.0
765.0,0.0,0.0,0.0,14.0,1,0.00047218025808711764,0.015379961936283604,0.00047218025808711764,-0.012013564621622452,0.006770440985367592,0.015379961936283604,0.015379961936283604,0.015379961936283604,0.0,0.0,0.0
770.0,0.0,0.0,0.0,9.0,1,7.302475534292925e-05,0.015379961936283604,7.302475534292925e-05,-0.012013564621622452,0.007508168970989775,0.015379961936283604,0.015379961936283604,0.015379961936283604,0.0,0.0,0.0
775.0,0.0,0.0,0.0,4.0,1,0.0015781140880678744,0.015379961936283604,0.0015781140880678744,-0.012013564621622452,0.007134763323295655,0.015379961936283604,0.015379961936283604,0.015379961936283604,0.0,0.0,0.0
780.0,,,,,0,0.0007321941457135784,0.012055481062774764,0.0007321941457135784,-0.008540026153982083,0.00505393653451323,,,,,,
785.0,,,,,0,-0.0006164635413106311,0.008420959236603465,-0.0006164635413106311,-0.008540026153982083,0.003956725608310465,,,,,,
790.0,,,,,0,7.124039333861594e-05,0.01035192239706062,7.124039333861594e-05,-0.00627928238966341,0.004160165589275561,,,,,,
795.0,,,,,0,-7.232500405729696e-05,0.01035192239706062,-7.232500405729696e-05,-0.00627928238966341,0.003976949677646544,,,,,,
800.0,,,,,0,9.015217907876047e-05,0.01035192239706062,9.015217907876047e-05,-0.00627928238966341,0.003867633754455716,,,,,,
805.0,,,,,0,0.0002908366987609938,0.01035192239706062,0.0002908366987609938,-0.00627928238966341,0.0038246860609687998,,,,,,
810.0,,,,,0,0.0005243907868461159,0.0089181731359117,0.0005243907868461159,-0.0020627665308359244,0.002171744780724978,,,,,,
815.0,,,,,0,-0.0003529797196603786,0.0009126461859965129,-0.0003529797196603786,-0.0020627665308359244,0.0007426671126735504,,,,,,
820.0,,,,,0,-3.065387888088243e-05,0.0011612775317855761,-3.065387888088243e-05,-0.001509995999313729,0.0006647937411582517,,,,,,
825.0,,,,,0,2.5452813474219212e-05,0.0011612775317855761,2.5452813474219212e-05,-0.001509995999313729,0.0006569334198732688,,,,,,
830.0,,,,,0,-0.0002510005931831732,0.0011612775317855761,-0.0002510005931831732,-0.002365179811845697,0.0009020245738748006,,,,,,
835.0,,,,,0,-0.0010087952132915119,0.0011612775317855761,-0.0010087952132915119,-0.005469864985671591,0.0016638972492231095,,,,,,
840.0,0.0,0.0,0.0,18.5,1,0.0035689250953059993,0.030411548399844113,0.0035689250953059993,-0.005469864985671591,0.01055852448950103,0.030411548399844113,0.030411548399844113,0.030411548399844113,1.0000248237379017,1.0000248237379017,1.0000248237379017
845.0,3.5,3.5,3.5,13.5,1,0.004114750893149557,0.030411548399844113,0.004114750893149557,-0.005469864985671591,0.011266117982679702,0.030411548399844113,0.030411548399844113,0.030411548399844113,1.0000248237379017,1.0000248237379017,1.0000248237379017
850.0,3.5,3.5,3.5,8.5,1,0.005010379534222057,0.030411548399844113,0.005010379534222057,-0.005469864985671591,0.011130335040307233,0.030411548399844113,0.030411548399844113,0.030411548399844113,1.0000248237379017,1.0000248237379017,1.0000248237379017
855.0,3.5,3.5,3.5,3.5,1,0.005409557485537954,0.030411548399844113,0.005409557485537954,-0.005443655005281323,0.010847332145288895,0.030411548399844113,0.030411548399844113,0.030411548399844113,1.0000248237379017,1.0000248237379017,1.0000248237379017
860.0,,,,,0,0.001510589519211033,0.025856322574020263,0.001510589519211033,-0.005443655005281323,0.006333454087215559,,,,,,
865.0,,,,,0,0.0002433690685050594,0.008352362704565852,0.0002433690685050594,-0.0026288879249680708,0.002539277014606834,,,,,,
870.0,,,,,0,-0.0005801674295088337,0.0009256617027972869,-0.0005801674295088337,-0.0026288879249680708,0.0009012289700856556,,,,,,
875.0,,,,,0,-0.00020364290265964603,0.001425933043877392,-0.00020364290265964603,-0.0022141985913027296,0.0007970189480156379,,,,,,
880.0,,,,,0,-8.797865921763515e-05,0.001425933043877392,-8.797865921763515e-05,-0.0016542088327929916,0.0007403307113092081,,,,,,
885.0,,,,,0,-7.460754361611307e-05,0.001425933043877392,-7.460754361611307e-05,-0.0016542088327929916,0.0007338369514921752,,,,,,
890.0,,,,,0,3.7674961910722894e-05,0.001425933043877392,3.7674961910722894e-05,-0.0016542088327929916,0.0007169011051417586,,,,,,
895.0,,,,,0,-4.848513841225646e-05,0.0013275544272385864,-4.848513841225646e-05,-0.001427058445991114,0.0006188914126239704,,,,,,
900.0,,,,,0,-6.648919446173012e-05,0.0005322837917258183,-6.648919446173012e-05,-0.001427058445991114,0.0005516186036696878,,,,,,
905.0,,,,,0,4.474972290464512e-06,0.0013486490432073617,4.474972290464512e-06,-0.001427058445991114,0.0005843832902263084,,,,,,
910.0,,,,,0,1.1550383409714284e-05,0.0013486490432073617,1.1550383409714284e-05,-0.001427058445991114,0.000607145718241123,,,,,,
915.0,,,,,0,-9.826039977118e-05,0.0013486490432073617,-9.826039977118e-05,-0.001427058445991114,0.0006478703823632807,,,,,,
920.0,,,,,0,-0.0002603044924697843,0.006827141203176401,-0.0002603044924697843,-0.003631401917672139,0.001610932224380206,,,,,,
925.0,,,,,0,0.0014495661791208384,0.011308961626746494,0.0014495661791208384,-0.003631401917672139,0.0037371482914670055,,,,,,
930.0,,,,,0,0.0013551190957344199,0.011308961626746494,0.0013551190957344199,-0.003631401917672139,0.0038037970536677892,,,,,,
935.0,,,,,0,0.001218772146197303,0.011308961626746494,0.001218772146197303,-0.003631401917672139,0.003900151937742579,,,,,,
940.0,,,,,0,0.0014823560965489238,0.011308961626746494,0.0014823560965489238,-0.0019794571594934363,0.003692349277088626,,,,,,
945.0,,,,,0,-0.0002722156482599685,0.003422296586586271,-0.0002722156482599685,-0.0019794571594934363,0.00120229958292081,,,,,,
950.0,,,,,0,-0.0007003992793569054,0.002051235047541289,-0.0007003992793569054,-0.0038701391715753597,0.0012897140537897608,,,,,,
955.0,,,,,0,0.001328213651291883,0.011514737377197493,0.001328213651291883,-0.0038701391715753597,0.003903690527568797,,,,,,
960.0,,,,,0,0.0013679916092888206,0.011514737377197493,0.0013679916092888206,-0.0038701391715753597,0.003865763651784247,,,,,,
965.0,,,,,0,0.0012319385697598696,0.011514737377197493,0.0012319385697598696,-0.0038701391715753597,0.003940785723799303,,,,,,
970.0,,,,,0,0.0016620607109315891,0.011514737377197493,0.0016620607109315891,-0.001764637951423842,0.003633293903496226,,,,,,
975.0,,,,,0,-0.00030190115598813304,0.0029778232474411692,-0.00030190115598813304,-0.002016998670025749,0.0009798588155847932,,,,,,
980.0,,,,,0,-4.6339628081774515e-05,0.0026124946880542455,-4.6339628081774515e-05,-0.002016998670025749,0.0010800356505654028,,,,,,
985.0,,,,,0,3.427975879638636e-05,0.0026124946880542455,3.427975879638636e-05,-0.002016998670025749,0.0009708675817856752,,,,,,
990.0,,,,,0,-0.00013105020314139643,0.0026124946880542455,-0.00013105020314139643,-0.002016998670025749,0.0009526970504835062,,,,,,
995.0,,,,,0,0.00010050936632003729,0.0026124946880542455,0.00010050936632003729,-0.001448200866037086,0.0008177423349856794,,,,,,
1000.0,,,,,0,-0.00015265405281814014,0.001015267396522801,-0.00015265405281814014,-0.001448200866037086,0.0005397563582729269,,,,,,
1005.0,,,,,0,-0.00017388765155754363,0.0010102812748317702,-0.00017388765155754363,-0.00167795908809798,0.0006318207739736681,,,,,,
1010.0,,,,,0,-0.00015567357020949868,0.0010102812748317702,-0.00015567357020949868,-0.00167795908809798,0.0006098983482813183,,,,,,
1015.0,,,,,0,-0.00018395023536302765,0.000917693247641016,-0.00018395023536302765,-0.00167795908809798,0.0005612225100100703,,,,,,
1020.0,,,,,0,-0.0001776321344103657,0.000917693247641016,-0.0001776321344103657,-0.00167795908809798,0.0005162748701465434,,,,,,
1025.0,,,,,0,-0.0002801294056344558,0.0006149281030806142,-0.0002801294056344558,-0.0010015628624933104,0.00040135636524020945,,,,,,
1030.0,,,,,0,-0.00010794564209304494,0.0010547284608708463,-0.00010794564209304494,-0.0010015628624933104,0.0005395652717383557,,,,,,
1035.0,,,,,0,-0.00014783108539458912,0.0010547284608708463,-0.00014783108539458912,-0.0014389468310476716,0.0006213336108139427,,,,,,
1040.0,,,,,0,-0.0001929287563877032,0.0010547284608708463,-0.0001929287563877032,-0.0014389468310476716,0.0006224760576810454,,,,,,
1045.0,,,,,0,-2.4220398890919212e-05,0.0010547284608708463,-2.4220398890919212e-05,-0.0014389468310476716,0.0005988822846108126,,,,,,
1050.0,,,,,0,-0.00016731117379261776,0.0009478090673418205,-0.00016731117379261776,-0.0014389468310476716,0.0005578492263165235,,,,,,
1055.0,,,,,0,-0.0001094895282303814,0.0009072145454562808,-0.0001094895282303814,-0.0011524710711224295,0.00046293984107456464,,,,,,
1060.0,,,,,0,-0.0001348743971737711,0.0009072145454562808,-0.0001348743971737711,-0.0011524710711224295,0.00045877276917805835,,,,,,
1065.0,,,,,0,-0.00019770413542764652,0.0005010007992967691,-0.00019770413542764652,-0.0011524710711224295,0.0004230322837857604,,,,,,
1070.0,,,,,0,-0.00015072583220702884,0.0005019171724426896,-0.00015072583220702884,-0.0006420133578611265,0.000379257470022079,,,,,,
1075.0,,,,,0,-0.00018412106685487174,0.0005019171724426896,-0.00018412106685487174,-0.0006420133578611265,0.0003695553597850882,,,,,,
1080.0,,,,,0,-0.00019687383863054969,0.0005019171724426896,-0.00019687383863054969,-0.0006804104328803073,0.0003715140577403225,,,,,,
1085.0,,,,,0,-0.00018137661605924295,0.0010175723875557874,-0.00018137661605924295,-0.0008959329086006274,0.00046723773945286045,,,,,,
1090.0,,,,,0,-0.00015532868731594872,0.0010175723875557874,-0.00015532868731594872,-0.0008959329086006274,0.0005327293307198294,,,,,,
1095.0,,,,,0,-0.00013401741164369862,0.0010175723875557874,-0.00013401741164369862,-0.0008959329086006274,0.0005828988043903221,,,,,,
1100.0,,,,,0,-9.809425443202537e-05,0.0010175723875557874,-9.809425443202537e-05,-0.0008959329086006274,0.000578912134409677,,,,,,
1105.0,,,,,0,-0.00012895735888103466,0.0009810942781666165,-0.00012895735888103466,-0.0008682145373514749,0.0005053852781652968,,,,,,
1110.0,,,,,0,-0.00013758624159329534,0.0009091583902805511,-0.00013758624159329534,-0.0008682145373514749,0.0004624063749970666,,,,,,
1115.0,,,,,0,-0.0001370110937642916,0.000989069452330349,-0.0001370110937642916,-0.0013780086831938765,0.0005084154065065134,,,,,,
1120.0,,,,,0,-0.00016044793694730688,0.000989069452330349,-0.00016044793694730688,-0.0013780086831938765,0.0005319377530846539,,,,,,
1125.0,,,,,0,-9.648058040029599e-05,0.000989069452330349,-9.648058040029599e-05,-0.0013780086831938765,0.0005890072636957946,,,,,,
1130.0,,,,,0,-0.00015144358139098727,0.000989069452330349,-0.00015144358139098727,-0.0013780086831938765,0.0005724192423856573,,,,,,
1135.0,,,,,0,-0.00013842494050082777,0.0009879627370525945,-0.00013842494050082777,-0.0009237287277195638,0.00047664928554814003,,,,,,
1140.0,,,,,0,-0.00013259110181389774,0.0009879627370525945,-0.00013259110181389774,-0.0009237287277195638,0.000481846866892772,,,,,,
1145.0,,,,,0,-0.00015205297294062516,0.0009247835126856008,-0.00015205297294062516,-0.0007758044847201995,0.00041954952110675694,,,,,,
1150.0,,,,,0,-0.00013217525911676323,0.0009247835126856008,-0.00013217525911676323,-0.0011638327753539235,0.0005366482754038275,,,,,,
1155.0,,,,,0,-0.00011078575410138915,0.0009247835126856008,-0.00011078575410138915,-0.0011638327753539235,0.0006168296741079815,,,,,,
1160.0,,,,,0,-0.00011764928059503382,0.0008766354422650169,-0.00011764928059503382,-0.0011638327753539235,0.000591576743127598,,,,,,
1165.0,,,,,0,-6.76433832735315e-05,0.0010087016005962401,-6.76433832735315e-05,-0.0011638327753539235,0.0006468429252450221,,,,,,
1170.0,,,,,0,-0.00012767892508458987,0.0010087016005962401,-0.00012767892508458987,-0.0009696210165014429,0.0005872552658511475,,,,,,
1175.0,,,,,0,-9.670784917548272e-05,0.0010087016005962401,-9.670784917548272e-05,-0.0009404705063257301,0.0005573008897521017,,,,,,
1180.0,,,,,0,-0.00010688126871117837,0.0010087016005962401,-0.00010688126871117837,-0.0009404705063257301,0.0006166595024130871,,,,,,
1185.0,,,,,0,-9.992457175190113e-05,0.0010719046691312073,-9.992457175190113e-05,-0.0009263532366912131,0.000635073433740409,,,,,,
1190.0,,,,,0,-0.00010334018761009197,0.0010719046691312073,-0.00010334018761009197,-0.0009722398058381598,0.0006231001502471695,,,,,,
1195.0,,,,,0,-0.00014748256005282215,0.0010719046691312073,-0.00014748256005282215,-0.0012040271438861216,0.0006506413101584738,,,,,,
1200.0,,,,,0,-9.680608939662772e-05,0.0010719046691312073,-9.680608939662772e-05,-0.0012040271438861216,0.0006245668938479883,,,,,,
1205.0,,,,,0,-0.00011625644545159588,0.0007842249547928559,-0.00011625644545159588,-0.001273686800812579,0.0006129811779839157,,,,,,
1210.0,,,,,0,-9.497402473907364e-05,0.0007842249547928559,-9.497402473907364e-05,-0.001273686800812579,0.0006297698812221215,,,,,,
1215.0,,,,,0,-5.2733276187476614e-05,0.0007593917407509032,-5.2733276187476614e-05,-0.001273686800812579,0.00061765042172607,,,,,,
1220.0,,,,,0,-0.00012033773764896376,0.0007593917407509032,-0.00012033773764896376,-0.0012936867825266707,0.0006689117290793793,,,,,,
1225.0,,,,,0,-0.00010323677667990309,0.0007593917407509032,-0.00010323677667990309,-0.0012936867825266707,0.0006507693129354521,,,,,,
1230.0,,,,,0,-6.794360158941093e-05,0.0007593917407509032,-6.794360158941093e-05,-0.0012936867825266707,0.000666326777824272,,,,,,
1235.0,,,,,0,-8.090662586278148e-05,0.0006509608045736637,-8.090662586278148e-05,-0.0013928336001122754,0.0006458738828382354,,,,,,
1240.0,,,,,0,-6.826065853370203e-05,0.0009294771286579295,-6.826065853370203e-05,-0.0014141005205182688,0.0006319591854423637,,,,,,
1245.0,,,,,0,-9.455153431830332e-05,0.0009294771286579295,-9.455153431830332e-05,-0.0016415398544175064,0.000622180160736102,,,,,,
1250.0,,,,,0,-0.000103921105682211,0.0015105652376495304,-0.000103921105682211,-0.0016734273392355892,0.0007854449461162387,,,,,,
1255.0,,,,,0,-5.880366130633918e-05,0.0017478866533706117,-5.880366130633918e-05,-0.0016734273392355892,0.0008676779544772499,,,,,,
1260.0,,,,,0,1.7811976936553704e-05,0.0019378264039156545,1.7811976936553704e-05,-0.0016734273392355892,0.0009054008168653719,,,,,,
1265.0,,,,,0,-6.382481749554781e-06,0.0019378264039156545,-6.382481749554781e-06,-0.0016734273392355892,0.0009533170739328325,,,,,,
1270.0,,,,,0,4.0885464186961213e-05,0.0019378264039156545,4.0885464186961213e-05,-0.0016596101985348888,0.0008377390853785728,,,,,,
1275.0,,,,,0,-4.919292791503621e-05,0.0019378264039156545,-4.919292791503621e-05,-0.0015764926727374617,0.0007381820097534117,,,,,,
1280.0,,,,,0,-1.4187678751729812e-05,0.0011278385493363463,-1.4187678751729812e-05,-0.0015764926727374617,0.0005713532320492404,,,,,,
1285.0,,,,,0,-3.366918820359403e-05,0.0015910628991926412,-3.366918820359403e-05,-0.0015234802519372148,0.00068097131419538,,,,,,
1290.0,,,,,0,-5.1936406838412946e-05,0.001627143414438037,-5.1936406838412946e-05,-0.0015234802519372148,0.0006915557444829219,,,,,,
1295.0,,,,,0,1.9648036152939202e-05,0.001627143414438037,1.9648036152939202e-05,-0.0015234802519372148,0.0006754623911252595,,,,,,
1300.0,,,,,0,1.6480833395294798e-07,0.001627143414438037,1.6480833395294798e-07,-0.0015234802519372148,0.0007256433322268817,,,,,,
1305.0,,,,,0,2.900009041796569e-06,0.001627143414438037,2.900009041796569e-06,-0.0015711868458028189,0.0006222801222080064,,,,,,
1310.0,,,,,0,2.4366321977060785e-06,0.0017684809552265257,2.4366321977060785e-06,-0.0015711868458028189,0.0006559862716951419,,,,,,
1315.0,,,,,0,8.878061377766795e-07,0.0017684809552265257,8.878061377766795e-07,-0.0015711868458028189,0.0006717645241070643,,,,,,
1320.0,,,,,0,2.8022429506442784e-06,0.0017684809552265257,2.8022429506442784e-06,-0.0015711868458028189,0.0006710429861257452,,,,,,
1325.0,,,,,0,-2.56431831496032e-05,0.0017684809552265257,-2.56431831496032e-05,-0.0015534168655668146,0.0006744787999464304,,,,,,
1330.0,,,,,0,-2.499704744676824e-05,0.0010784755649416167,-2.499704744676824e-05,-0.0015534168655668146,0.0005575686727371545,,,,,,
1335.0,,,,,0,-5.847238209051552e-05,0.0010784755649416167,-5.847238209051552e-05,-0.0015859647354343198,0.0006029406885924444,,,,,,
1340.0,,,,,0,-3.282582968160311e-05,0.001963294496113932,-3.282582968160311e-05,-0.0015859647354343198,0.000728044595372857,,,,,,
1345.0,,,,,0,1.3497560996903928e-05,0.001963294496113932,1.3497560996903928e-05,-0.0015859647354343198,0.0006611320093887271,,,,,,
1350.0,,,,,0,-0.00020416684229966923,0.001963294496113932,-0.00020416684229966923,-0.0017512942686817023,0.0007676109638078822,,,,,,
1355.0,,,,,0,4.4292876272322975e-05,0.001963294496113932,4.4292876272322975e-05,-0.0017512942686817023,0.0009071356212240309,,,,,,
1360.0,,,,,0,2.8107614354249838e-06,0.0017539992831939188,2.8107614354249838e-06,-0.0017512942686817023,0.0008065669551685085,,,,,,
1365.0,,,,,0,-7.168328083197139e-05,0.0017539992831939188,-7.168328083197139e-05,-0.0017512942686817023,0.0008360199903199868,,,,,,
1370.0,,,,,0,0.0001566711070954976,0.0017539992831939188,0.0001566711070954976,-0.0014232894149748265,0.000745558910729395,,,,,,
1375.0,,,,,0,-0.00010118425979958506,0.0012144475869652616,-0.00010118425979958506,-0.0014232894149748265,0.0006268801806350172,,,,,,
1380.0,,,,,0,-4.464212434133522e-05,0.0012144475869652616,-4.464212434133522e-05,-0.0014232894149748265,0.0006327064905038119,,,,,,
1385.0,,,,,0,-1.5627147785120626e-05,0.0012144475869652616,-1.5627147785120626e-05,-0.0012742444910119888,0.0005774375175090371,,,,,,
1390.0,,,,,0,-0.00011506899206884444,0.001699170670303507,-0.00011506899206884444,-0.0014461798172612506,0.0006940683557816759,,,,,,
1395.0,,,,,0,1.0810165475609489e-05,0.001699170670303507,1.0810165475609489e-05,-0.0014461798172612506,0.0006783142373720782,,,,,,
1400.0,,,,,0,-6.522423494492453e-05,0.001699170670303507,-6.522423494492453e-05,-0.0014461798172612506,0.0006732044825520612,,,,,,
1405.0,,,,,0,-2.727293242946521e-05,0.001699170670303507,-2.727293242946521e-05,-0.0014461798172612506,0.0007057663407884025,,,,,,
1410.0,,,,,0,-6.36652295351321e-05,0.0011743159343152731,-6.36652295351321e-05,-0.001395471848890717,0.000524178575894938,,,,,,
1415.0,,,,,0,-3.952466879252894e-05,0.0027641576269416546,-3.952466879252894e-05,-0.001395471848890717,0.0008061862438395705,,,,,,
1420.0,,,,,0,-1.019423762683957e-06,0.0027641576269416546,-1.019423762683957e-06,-0.001395471848890717,0.0008012388499117005,,,,,,
1425.0,,,,,0,1.3286468600086805e-05,0.0027641576269416546,1.3286468600086805e-05,-0.001282568203469725,0.0007906956943604176,,,,,,
1430.0,,,,,0,6.590621535083919e-05,0.0027641576269416546,6.590621535083919e-05,-0.001309260125653855,0.0008267262179643995,,,,,,
1435.0,,,,,0,-9.846018595333615e-05,0.0005255886885898176,-9.846018595333615e-05,-0.001458094217052952,0.0005758122337313459,,,,,,
1440.0,,,,,0,-7.614456882209939e-05,0.0005255886885898176,-7.614456882209939e-05,-0.001458094217052952,0.000507770959359248,,,,,,
1445.0,,,,,0,-1.0149100969861145e-05,0.0011106555487694347,-1.0149100969861145e-05,-0.001458094217052952,0.0005197076440673305,,,,,,
1450.0,,,,,0,-0.0001960367023518769,0.0011106555487694347,-0.0001960367023518769,-0.0023939139148170807,0.0007374583857097843,,,,,,
1455.0,,,,,0,9.674768748736379e-05,0.0021009101156371224,9.674768748736379e-05,-0.0023939139148170807,0.0009750636423231416,,,,,,
1460.0,,,,,0,7.245691986498622e-05,0.0021009101156371224,7.245691986498622e-05,-0.0023939139148170807,0.0010104553027179013,,,,,,
1465.0,,,,,0,-1.8144645623362787e-05,0.0021009101156371224,-1.8144645623362787e-05,-0.0023939139148170807,0.0009950447360483224,,,,,,
1470.0,,,,,0,0.00010807769544343772,0.0021009101156371224,0.00010807769544343772,-0.0013902503375426423,0.0007923415647650156,,,,,,
1475.0,,,,,0,-8.064385557104169e-05,0.001746140172039723,-8.064385557104169e-05,-0.0013902503375426423,0.0006881205747731873,,,,,,
1480.0,,,,,0,4.011839354423605e-05,0.001746140172039723,4.011839354423605e-05,-0.0011348731345047214,0.0006515028558459536,,,,,,
1485.0,,,,,0,-7.371965733520172e-05,0.001746140172039723,-7.371965733520172e-05,-0.0016138980284514104,0.0006993913074662049,,,,,,
1490.0,,,,,0,0.00010194850663075165,0.001746140172039723,0.00010194850663075165,-0.0016138980284514104,0.0007537422579782496,,,,,,
1495.0,,,,,0,1.4785245674474887e-05,0.0015800052153631672,1.4785245674474887e-05,-0.0016138980284514104,0.0006286926712101641,,,,,,
1500.0,,,,,0,-5.357572724637777e-05,0.0015800052153631672,-5.357572724637777e-05,-0.0016138980284514104,0.0006269233115975536,,,,,,
1505.0,,,,,0,-9.748942120459361e-06,0.0015800052153631672,-9.748942120459361e-06,-0.0015987462190357182,0.0006539219764156581,,,,,,
1510.0,,,,,0,-6.294650115721874e-05,0.0015462507158287009,-6.294650115721874e-05,-0.0015987462190357182,0.0006905862091559589,,,,,,
1515.0,,,,,0,-1.7382940670026357e-05,0.0015462507158287009,-1.7382940670026357e-05,-0.0015987462190357182,0.0006546459267307806,,,,,,
1520.0,,,,,0,8.453961592840991e-06,0.0015462507158287009,8.453961592840991e-06,-0.0015987462190357182,0.0006477549786555869,,,,,,
1525.0,,,,,0,8.410045366758475e-06,0.0015462507158287009,8.410045366758475e-06,-0.0015987462190357182,0.0006411802315532467,,,,,,
1530.0,,,,,0,-2.7566987324006298e-05,0.000532317787347858,-2.7566987324006298e-05,-0.0014993229983764622,0.0005688935160887704,,,,,,
1535.0,,,,,0,-1.937874605184846e-05,0.000532317787347858,-1.937874605184846e-05,-0.0013742821287254792,0.0005694185544131456,,,,,,
1540.0,,,,,0,-3.3665428249780964e-05,0.0005183107809851317,-3.3665428249780964e-05,-0.0013742821287254792,0.0005689298313794295,,,,,,
1545.0,,,,,0,-3.101111572652947e-05,0.0005183107809851317,-3.101111572652947e-05,-0.0013739911994465892,0.0005707273720597512,,,,,,
1550.0,,,,,0,-2.92911691479562e-05,0.0005354556778741637,-2.92911691479562e-05,-0.0013739911994465892,0.0005693791820147269,,,,,,
1555.0,,,,,0,-7.614898164966888e-05,0.0005354556778741637,-7.614898164966888e-05,-0.0016124576266304813,0.000593541136251382,,,,,,
1560.0,,,,,0,-8.706224579154384e-05,0.001439603761091257,-8.706224579154384e-05,-0.0016939854141048705,0.0006882416457273125,,,,,,
1565.0,,,,,0,-3.726404384164061e-05,0.0014452232837263712,-3.726404384164061e-05,-0.0016939854141048705,0.0007152621708818021,,,,,,
1570.0,,,,,0,-1.123352016541419e-05,0.0014452232837263712,-1.123352016541419e-05,-0.0016939854141048705,0.0006621130952840376,,,,,,
1575.0,,,,,0,4.847632180263658e-06,0.0014452232837263712,4.847632180263658e-06,-0.0016939854141048705,0.0006580832992313583,,,,,,
1580.0,,,,,0,-2.1751817019840066e-06,0.0014452232837263712,-2.1751817019840066e-06,-0.0014755510293466,0.0005804606131080021,,,,,,
1585.0,,,,,0,-2.3516643405955734e-05,0.0008652608105994553,-2.3516643405955734e-05,-0.0014755510293466,0.00045454585934441875,,,,,,
1590.0,,,,,0,-1.977476101993492e-05,0.0008652608105994553,-1.977476101993492e-05,-0.0014755510293466,0.000455082228609844,,,,,,
1595.0,,,,,0,-3.598337003689503e-05,0.0003900703487442758,-3.598337003689503e-05,-0.0015518481452508337,0.0004537828782380887,,,,,,
1600.0,,,,,0,-4.4205965137064175e-05,0.0016740077639396111,-4.4205965137064175e-05,-0.0015518481452508337,0.0005769561947252609,,,,,,
1605.0,,,,,0,2.034041120581546e-06,0.0016740077639396111,2.034041120581546e-06,-0.0015518481452508337,0.0005374558412479833,,,,,,
1610.0,,,,,0,-4.3579114771140654e-05,0.0016756722046827877,-4.3579114771140654e-05,-0.0017055974473513813,0.0007225991801150398,,,,,,
1615.0,,,,,0,-4.363334342673512e-05,0.0016756722046827877,-4.363334342673512e-05,-0.0017055974473513813,0.0007248248707627455,,,,,,
1620.0,,,,,0,-1.842179089168971e-05,0.0016756722046827877,-1.842179089168971e-05,-0.0017055974473513813,0.000647075157663858,,,,,,
1625.0,,,,,0,4.064528471088941e-05,0.0016756722046827877,4.064528471088941e-05,-0.0017055974473513813,0.0007610502582788936,,,,,,
1630.0,,,,,0,-0.0001833610285815962,0.0013016546671834606,-0.0001833610285815962,-0.0017649086305314143,0.0007689983399992464,,,,,,
1635.0,,,,,0,-0.00016625389445898216,0.0024462880530914943,-0.00016625389445898216,-0.0017649086305314143,0.0009578189693464575,,,,,,
1640.0,,,,,0,0.00016625113766809173,0.004486276251597809,0.00016625113766809173,-0.0017649086305314143,0.0014248968872472298,,,,,,
1645.0,,,,,0,8.3781691111505e-06,0.004486276251597809,8.3781691111505e-06,-0.0017649086305314143,0.001432631091888576,,,,,,
1650.0,,,,,0,0.00012271890411544916,0.004486276251597809,0.00012271890411544916,-0.0017528831953766977,0.0013412718415771077,,,,,,
1655.0,,,,,0,0.0002386336763938721,0.004486276251597809,0.0002386336763938721,-0.002449071081607912,0.0014493534012629098,,,,,,
1660.0,,,,,0,-8.524230241244496e-05,0.0026322191107103765,-8.524230241244496e-05,-0.002449071081607912,0.0010968170612049729,,,,,,
1665.0,,,,,0,3.052497650712374e-05,0.0026322191107103765,3.052497650712374e-05,-0.002449071081607912,0.0010653156139321725,,,,,,
1670.0,,,,,0,0.0001019375351914201,0.0026322191107103765,0.0001019375351914201,-0.002449071081607912,0.0010611570912160782,,,,,,
1675.0,,,,,0,-6.516332487342036e-05,0.001598485474693323,-6.516332487342036e-05,-0.0021645820358724976,0.0008133813506859623,,,,,,
1680.0,,,,,0,0.00016656375618637943,0.0017650977661530787,0.00016656375618637943,-0.0021645820358724976,0.000792756347430148,,,,,,
1685.0,,,,,0,-0.0006758412303271918,0.0017650977661530787,-0.0006758412303271918,-0.006136313666615711,0.0017520520667435732,,,,,,
1690.0,,,,,0,0.00024431762118965866,0.008769057243343759,0.00024431762118965866,-0.006136313666615711,0.002920492734747363,,,,,,
1695.0,,,,,0,0.0002897056546136592,0.008769057243343759,0.0002897056546136592,-0.006136313666615711,0.002903589098714236,,,,,,
1700.0,,,,,0,8.0900538669968e-05,0.008769057243343759,8.0900538669968e-05,-0.006136313666615711,0.00289668605410353,,,,,,
1705.0,,,,,0,0.0007056454801010524,0.008769057243343759,0.0007056454801010524,-0.001973110686492807,0.0022678735343520736,,,,,,
1710.0,,,,,0,-9.628041155476189e-05,0.0012994170811191363,-9.628041155476189e-05,-0.001973110686492807,0.0007881238876926999,,,,,,
1715.0,,,,,0,5.2380309204046756e-05,0.0019647829625127344,5.2380309204046756e-05,-0.001973110686492807,0.0008537270780555973,,,,,,
1720.0,,,,,0,-0.0002054943105597688,0.0019647829625127344,-0.0002054943105597688,-0.001973110686492807,0.0009968504889645987,,,,,,
1725.0,,,,,0,0.0002466845469677269,0.0038173411020918646,0.0002466845469677269,-0.0017437971366696114,0.0014853985324137077,,,,,,
1730.0,,,,,0,-0.0006351775427320466,0.0038173411020918646,-0.0006351775427320466,-0.006189060847498762,0.0023270325034864155,,,,,,
1735.0,,,,,0,0.00029355159480543556,0.00772826108289193,0.00029355159480543556,-0.006189060847498762,0.003600490137227565,,,,,,
1740.0,,,,,0,0.00041801503853171497,0.00772826108289193,0.00041801503853171497,-0.006189060847498762,0.0035655520373825186,,,,,,
1745.0,,,,,0,0.00011727166676612209,0.00772826108289193,0.00011727166676612209,-0.006189060847498762,0.0034105462922789293,,,,,,
1750.0,,,,,0,0.0007716567550721646,0.00772826108289193,0.0007716567550721646,-0.005591321888874956,0.00283994331716374,,,,,,
1755.0,,,,,0,-0.0001760679591942856,0.001331439561781167,-0.0001760679591942856,-0.0015747682817635056,0.0007051716459922958,,,,,,
1760.0,,,,,0,-5.7856137381607206e-05,0.001331439561781167,-5.7856137381607206e-05,-0.0015747682817635056,0.000673572003299374,,,,,,
1765.0,,,,,0,4.5906989599484366e-05,0.001331439561781167,4.5906989599484366e-05,-0.0008548172738060411,0.0006304132845553888,,,,,,
1770.0,,,,,0,1.67756946797406e-05,0.0013025689107723504,1.67756946797406e-05,-0.0008548172738060411,0.0006159040286291708,,,,,,
1775.0,,,,,0,-0.0005252452728124806,0.0013025689107723504,-0.0005252452728124806,-0.004952953316035569,0.0014866394572760878,,,,,,
1780.0,,,,,0,0.00032466652094694876,0.008258985573533995,0.00032466652094694876,-0.004952953316035569,0.0028712809485258186,,,,,,
1785.0,,,,,0,0.00026340414509569524,0.008258985573533995,0.00026340414509569524,-0.004952953316035569,0.0029509531057612852,,,,,,
1790.0,,,,,0,0.0002946363467396518,0.008258985573533995,0.0002946363467396518,-0.004952953316035569,0.0031819412462934025,,,,,,
1795.0,,,,,0,0.0006533464355512446,0.008258985573533995,0.0006533464355512446,-0.003715241665129876,0.0029642446254279273,,,,,,
1800.0,,,,,0,-0.00018768199661634282,0.00432408617835256,-0.00018768199661634282,-0.005788788229737163,0.0024980485306686155,,,,,,
1805.0,,,,,0,-0.00018118379710682574,0.008208779859875615,-0.00018118379710682574,-0.007142170725272123,0.0038694657686726723,,,,,,
1810.0,,,,,0,-0.00013282444744664636,0.008208779859875615,-0.00013282444744664636,-0.007142170725272123,0.003854645598193362,,,,,,
1815.0,,,,,0,-0.0015552051978478666,0.008401878585966693,-0.0015552051978478666,-0.026078950549289104,0.007422616178996039,,,,,,
1820.0,0.0,0.0,0.0,20.0,1,-0.0003873047877684564,0.0828592135203402,-0.0003873047877684564,-0.03884292292147851,0.023759802992407666,0.0828592135203402,0.0828592135203402,0.0828592135203402,1.0006149225084187,1.0006149225084187,1.0006149225084187
1825.0,6.0,6.0,6.0,15.0,1,0.009658975823765075,0.0828592135203402,0.009658975823765075,-0.03884292292147851,0.03066076377557015,0.0828592135203402,0.0828592135203402,0.0828592135203402,1.0006149225084187,1.0006149225084187,1.0006149225084187
1830.0,6.0,6.0,6.0,10.0,1,0.006431505782403508,0.0828592135203402,0.006431505782403508,-0.03884292292147851,0.03234345521161797,0.0828592135203402,0.0828592135203402,0.0828592135203402,1.0006149225084187,1.0006149225084187,1.0006149225084187
1835.0,6.0,6.0,6.0,5.0,2,0.01348844173959605,0.0828592135203402,0.01348844173959605,-0.03884292292147851,0.034301201022419424,0.0828592135203402,0.06800295640153492,0.05314669928272964,1.0006149225084187,1.0004184529571098,1.0002219834058008
1840.0,3.5,3.5,3.5,0.0,2,0.014622979048339903,0.0828592135203402,0.014622979048339903,-0.02154039332778679,0.028504784044727716,0.0828592135203402,0.06800295640153492,0.05314669928272964,1.0002219834058008,1.0002219834058008,1.0002219834058008
1845.0,3.5,3.5,3.5,8.0,1,0.00407099054650431,0.05314669928272964,0.00407099054650431,-0.02154039332778679,0.01980325982103329,0.05314669928272964,0.05314669928272964,0.05314669928272964,1.0002219834058008,1.0002219834058008,1.0002219834058008
1850.0,3.5,3.5,3.5,3.0,2,0.008034557261486636,0.05314669928272964,0.008034557261486636,-0.021346638565816867,0.0180414969689827,0.05314669928272964,0.03604095205473612,0.018935204826742602,1.0002219834058008,1.0002219834058008,1.0002219834058008
1855.0,0.0,0.0,0.0,10.5,1,0.0026873374978202114,0.0221139297650772,0.0026873374978202114,-0.01289797067070897,0.009275207466889751,0.018935204826742602,0.018935204826742602,0.018935204826742602,0.0,0.0,0.0
1860.0,0.0,0.0,0.0,5.5,1,0.00220072946349588,0.018935204826742602,0.00220072946349588,-0.007935103527703213,0.007099334430483934,0.018935204826742602,0.018935204826742602,0.018935204826742602,0.0,0.0,0.0
