# timestamp,IBI
1.628906250000000000e+00 9.218750000000000000e-01
2.535156250000000000e+00 9.062500000000000000e-01
3.433593750000000000e+00 8.984375000000000000e-01
4.437500000000000000e+00 1.003906250000000000e+00
5.421875000000000000e+00 9.843750000000000000e-01
6.363281250000000000e+00 9.414062500000000000e-01
7.328125000000000000e+00 9.648437500000000000e-01
8.281250000000000000e+00 9.531250000000000000e-01
9.136718750000000000e+00 8.554687500000000000e-01
9.914062500000000000e+00 7.773437500000000000e-01
1.076562500000000000e+01 8.515625000000000000e-01
1.170312500000000000e+01 9.375000000000000000e-01
1.265234375000000000e+01 9.492187500000000000e-01
1.358984375000000000e+01 9.375000000000000000e-01
1.401562500000000000e+01 4.257812500000000000e-01
1.444921875000000000e+01 4.335937500000000000e-01
1.527343750000000000e+01 8.242187500000000000e-01
1.613281250000000000e+01 8.593750000000000000e-01
1.699218750000000000e+01 8.593750000000000000e-01
1.785156250000000000e+01 8.593750000000000000e-01
1.874218750000000000e+01 8.906250000000000000e-01
1.960546875000000000e+01 8.632812500000000000e-01
2.038281250000000000e+01 7.773437500000000000e-01
2.118750000000000000e+01 8.046875000000000000e-01
2.205078125000000000e+01 8.632812500000000000e-01
2.289062500000000000e+01 8.398437500000000000e-01
2.366796875000000000e+01 7.773437500000000000e-01
2.442578125000000000e+01 7.578125000000000000e-01
2.521875000000000000e+01 7.929687500000000000e-01
2.603515625000000000e+01 8.164062500000000000e-01
2.682031250000000000e+01 7.851562500000000000e-01
2.768359375000000000e+01 8.632812500000000000e-01
2.860546875000000000e+01 9.218750000000000000e-01
2.955078125000000000e+01 9.453125000000000000e-01
3.046093750000000000e+01 9.101562500000000000e-01
3.138671875000000000e+01 9.257812500000000000e-01
3.235156250000000000e+01 9.648437500000000000e-01
3.319531250000000000e+01 8.437500000000000000e-01
3.406250000000000000e+01 8.671875000000000000e-01
3.500781250000000000e+01 9.453125000000000000e-01
3.597656250000000000e+01 9.687500000000000000e-01
3.684765625000000000e+01 8.710937500000000000e-01
3.780859375000000000e+01 9.609375000000000000e-01
3.879296875000000000e+01 9.843750000000000000e-01
3.970312500000000000e+01 9.101562500000000000e-01
4.061718750000000000e+01 9.140625000000000000e-01
4.158203125000000000e+01 9.648437500000000000e-01
4.252734375000000000e+01 9.453125000000000000e-01
4.342187500000000000e+01 8.945312500000000000e-01
4.432812500000000000e+01 9.062500000000000000e-01
4.523046875000000000e+01 9.023437500000000000e-01
4.605078125000000000e+01 8.203125000000000000e-01
4.695703125000000000e+01 9.062500000000000000e-01
4.796875000000000000e+01 1.011718750000000000e+00
4.894140625000000000e+01 9.726562500000000000e-01
4.987109375000000000e+01 9.296875000000000000e-01
5.087890625000000000e+01 1.007812500000000000e+00
5.188671875000000000e+01 1.007812500000000000e+00
5.276953125000000000e+01 8.828125000000000000e-01
5.364843750000000000e+01 8.789062500000000000e-01
5.462890625000000000e+01 9.804687500000000000e-01
5.562500000000000000e+01 9.960937500000000000e-01
5.654296875000000000e+01 9.179687500000000000e-01
5.752343750000000000e+01 9.804687500000000000e-01
5.853125000000000000e+01 1.007812500000000000e+00
5.950390625000000000e+01 9.726562500000000000e-01
6.042187500000000000e+01 9.179687500000000000e-01
6.139453125000000000e+01 9.726562500000000000e-01
6.234375000000000000e+01 9.492187500000000000e-01
6.319921875000000000e+01 8.554687500000000000e-01
6.413281250000000000e+01 9.335937500000000000e-01
6.514453125000000000e+01 1.011718750000000000e+00
6.608984375000000000e+01 9.453125000000000000e-01
6.701171875000000000e+01 9.218750000000000000e-01
6.798046875000000000e+01 9.687500000000000000e-01
6.892968750000000000e+01 9.492187500000000000e-01
6.983203125000000000e+01 9.023437500000000000e-01
7.080468750000000000e+01 9.726562500000000000e-01
7.178515625000000000e+01 9.804687500000000000e-01
7.265625000000000000e+01 8.710937500000000000e-01
7.359765625000000000e+01 9.414062500000000000e-01
7.457812500000000000e+01 9.804687500000000000e-01
7.550781250000000000e+01 9.296875000000000000e-01
7.646093750000000000e+01 9.531250000000000000e-01
7.746093750000000000e+01 1.000000000000000000e+00
7.847265625000000000e+01 1.011718750000000000e+00
7.942578125000000000e+01 9.531250000000000000e-01
8.044921875000000000e+01 1.023437500000000000e+00
8.144921875000000000e+01 1.000000000000000000e+00
8.237109375000000000e+01 9.218750000000000000e-01
8.337109375000000000e+01 1.000000000000000000e+00
8.436328125000000000e+01 9.921875000000000000e-01
8.526562500000000000e+01 9.023437500000000000e-01
8.627343750000000000e+01 1.007812500000000000e+00
8.731640625000000000e+01 1.042968750000000000e+00
8.828515625000000000e+01 9.687500000000000000e-01
8.926171875000000000e+01 9.765625000000000000e-01
9.029296875000000000e+01 1.031250000000000000e+00
9.128515625000000000e+01 9.921875000000000000e-01
9.218359375000000000e+01 8.984375000000000000e-01
9.316796875000000000e+01 9.843750000000000000e-01
9.415625000000000000e+01 9.882812500000000000e-01
9.503515625000000000e+01 8.789062500000000000e-01
9.600390625000000000e+01 9.687500000000000000e-01
9.700000000000000000e+01 9.960937500000000000e-01
9.794531250000000000e+01 9.453125000000000000e-01
9.894921875000000000e+01 1.003906250000000000e+00
9.998046875000000000e+01 1.031250000000000000e+00
1.009218750000000000e+02 9.414062500000000000e-01
1.019062500000000000e+02 9.843750000000000000e-01
1.029062500000000000e+02 1.000000000000000000e+00
1.038203125000000000e+02 9.140625000000000000e-01
1.047343750000000000e+02 9.140625000000000000e-01
1.056992187500000000e+02 9.648437500000000000e-01
1.066484375000000000e+02 9.492187500000000000e-01
1.075585937500000000e+02 9.101562500000000000e-01
1.085468750000000000e+02 9.882812500000000000e-01
1.095195312500000000e+02 9.726562500000000000e-01
1.104023437500000000e+02 8.828125000000000000e-01
1.113320312500000000e+02 9.296875000000000000e-01
1.123085937500000000e+02 9.765625000000000000e-01
1.132031250000000000e+02 8.945312500000000000e-01
1.141289062500000000e+02 9.257812500000000000e-01
1.151132812500000000e+02 9.843750000000000000e-01
1.160898437500000000e+02 9.765625000000000000e-01
1.170156250000000000e+02 9.257812500000000000e-01
1.180429687500000000e+02 1.027343750000000000e+00
1.190820312500000000e+02 1.039062500000000000e+00
1.200351562500000000e+02 9.531250000000000000e-01
1.210937500000000000e+02 1.058593750000000000e+00
1.221757812500000000e+02 1.082031250000000000e+00
1.232031250000000000e+02 1.027343750000000000e+00
1.242421875000000000e+02 1.039062500000000000e+00
1.252656250000000000e+02 1.023437500000000000e+00
1.261796875000000000e+02 9.140625000000000000e-01
1.271484375000000000e+02 9.687500000000000000e-01
1.281445312500000000e+02 9.960937500000000000e-01
1.291015625000000000e+02 9.570312500000000000e-01
1.299648437500000000e+02 8.632812500000000000e-01
1.309296875000000000e+02 9.648437500000000000e-01
1.319492187500000000e+02 1.019531250000000000e+00
1.328789062500000000e+02 9.296875000000000000e-01
1.338164062500000000e+02 9.375000000000000000e-01
1.346679687500000000e+02 8.515625000000000000e-01
1.355664062500000000e+02 8.984375000000000000e-01
1.365039062500000000e+02 9.375000000000000000e-01
1.374648437500000000e+02 9.609375000000000000e-01
1.385078125000000000e+02 1.042968750000000000e+00
1.395156250000000000e+02 1.007812500000000000e+00
1.404960937500000000e+02 9.804687500000000000e-01
1.414882812500000000e+02 9.921875000000000000e-01
1.424375000000000000e+02 9.492187500000000000e-01
1.433515625000000000e+02 9.140625000000000000e-01
1.444023437500000000e+02 1.050781250000000000e+00
1.454609375000000000e+02 1.058593750000000000e+00
1.464296875000000000e+02 9.687500000000000000e-01
1.474570312500000000e+02 1.027343750000000000e+00
1.484531250000000000e+02 9.960937500000000000e-01
1.493710937500000000e+02 9.179687500000000000e-01
1.504023437500000000e+02 1.031250000000000000e+00
1.514531250000000000e+02 1.050781250000000000e+00
1.524218750000000000e+02 9.687500000000000000e-01
1.534687500000000000e+02 1.046875000000000000e+00
1.544960937500000000e+02 1.027343750000000000e+00
1.554140625000000000e+02 9.179687500000000000e-01
1.562304687500000000e+02 8.164062500000000000e-01
1.571445312500000000e+02 9.140625000000000000e-01
1.581601562500000000e+02 1.015625000000000000e+00
1.591132812500000000e+02 9.531250000000000000e-01
1.601328125000000000e+02 1.019531250000000000e+00
1.611601562500000000e+02 1.027343750000000000e+00
1.620898437500000000e+02 9.296875000000000000e-01
1.630898437500000000e+02 1.000000000000000000e+00
1.640859375000000000e+02 9.960937500000000000e-01
1.650312500000000000e+02 9.453125000000000000e-01
1.659882812500000000e+02 9.570312500000000000e-01
1.669492187500000000e+02 9.609375000000000000e-01
1.678085937500000000e+02 8.593750000000000000e-01
1.687656250000000000e+02 9.570312500000000000e-01
1.697773437500000000e+02 1.011718750000000000e+00
1.707148437500000000e+02 9.375000000000000000e-01
1.717382812500000000e+02 1.023437500000000000e+00
1.728007812500000000e+02 1.062500000000000000e+00
1.737460937500000000e+02 9.453125000000000000e-01
1.747695312500000000e+02 1.023437500000000000e+00
1.758085937500000000e+02 1.039062500000000000e+00
1.767343750000000000e+02 9.257812500000000000e-01
1.775859375000000000e+02 8.515625000000000000e-01
1.785507812500000000e+02 9.648437500000000000e-01
1.795507812500000000e+02 1.000000000000000000e+00
1.804687500000000000e+02 9.179687500000000000e-01
1.815156250000000000e+02 1.046875000000000000e+00
1.825625000000000000e+02 1.046875000000000000e+00
1.835195312500000000e+02 9.570312500000000000e-01
1.845820312500000000e+02 1.062500000000000000e+00
1.856601562500000000e+02 1.078125000000000000e+00
1.866445312500000000e+02 9.843750000000000000e-01
1.877070312500000000e+02 1.062500000000000000e+00
1.888085937500000000e+02 1.101562500000000000e+00
1.898125000000000000e+02 1.003906250000000000e+00
1.908750000000000000e+02 1.062500000000000000e+00
1.919414062500000000e+02 1.066406250000000000e+00
1.929296875000000000e+02 9.882812500000000000e-01
1.938710937500000000e+02 9.414062500000000000e-01
1.948984375000000000e+02 1.027343750000000000e+00
1.959218750000000000e+02 1.023437500000000000e+00
1.968945312500000000e+02 9.726562500000000000e-01
1.979687500000000000e+02 1.074218750000000000e+00
1.990156250000000000e+02 1.046875000000000000e+00
2.000078125000000000e+02 9.921875000000000000e-01
2.010742187500000000e+02 1.066406250000000000e+00
2.020703125000000000e+02 9.960937500000000000e-01
2.029101562500000000e+02 8.398437500000000000e-01
2.037929687500000000e+02 8.828125000000000000e-01
2.048398437500000000e+02 1.046875000000000000e+00
2.058085937500000000e+02 9.687500000000000000e-01
2.068359375000000000e+02 1.027343750000000000e+00
2.078906250000000000e+02 1.054687500000000000e+00
2.088593750000000000e+02 9.687500000000000000e-01
2.099257812500000000e+02 1.066406250000000000e+00
2.109492187500000000e+02 1.023437500000000000e+00
2.119257812500000000e+02 9.765625000000000000e-01
2.129726562500000000e+02 1.046875000000000000e+00
2.139921875000000000e+02 1.019531250000000000e+00
2.149375000000000000e+02 9.453125000000000000e-01
2.159921875000000000e+02 1.054687500000000000e+00
2.170351562500000000e+02 1.042968750000000000e+00
2.180468750000000000e+02 1.011718750000000000e+00
2.191445312500000000e+02 1.097656250000000000e+00
2.201914062500000000e+02 1.046875000000000000e+00
2.211992187500000000e+02 1.007812500000000000e+00
2.222695312500000000e+02 1.070312500000000000e+00
2.233085937500000000e+02 1.039062500000000000e+00
2.242968750000000000e+02 9.882812500000000000e-01
2.253125000000000000e+02 1.015625000000000000e+00
2.262265625000000000e+02 9.140625000000000000e-01
2.272109375000000000e+02 9.843750000000000000e-01
2.282773437500000000e+02 1.066406250000000000e+00
2.292929687500000000e+02 1.015625000000000000e+00
2.303125000000000000e+02 1.019531250000000000e+00
2.313945312500000000e+02 1.082031250000000000e+00
2.324296875000000000e+02 1.035156250000000000e+00
2.333710937500000000e+02 9.414062500000000000e-01
2.343945312500000000e+02 1.023437500000000000e+00
2.354687500000000000e+02 1.074218750000000000e+00
2.364882812500000000e+02 1.019531250000000000e+00
2.375351562500000000e+02 1.046875000000000000e+00
2.386289062500000000e+02 1.093750000000000000e+00
2.396953125000000000e+02 1.066406250000000000e+00
2.407578125000000000e+02 1.062500000000000000e+00
2.418437500000000000e+02 1.085937500000000000e+00
2.428398437500000000e+02 9.960937500000000000e-01
2.437578125000000000e+02 9.179687500000000000e-01
2.447031250000000000e+02 9.453125000000000000e-01
2.456523437500000000e+02 9.492187500000000000e-01
2.465351562500000000e+02 8.828125000000000000e-01
2.475273437500000000e+02 9.921875000000000000e-01
2.485820312500000000e+02 1.054687500000000000e+00
2.495156250000000000e+02 9.335937500000000000e-01
2.505078125000000000e+02 9.921875000000000000e-01
2.515000000000000000e+02 9.921875000000000000e-01
2.524101562500000000e+02 9.101562500000000000e-01
2.533828125000000000e+02 9.726562500000000000e-01
2.543828125000000000e+02 1.000000000000000000e+00
2.553203125000000000e+02 9.375000000000000000e-01
2.563203125000000000e+02 1.000000000000000000e+00
2.573398437500000000e+02 1.019531250000000000e+00
2.582695312500000000e+02 9.296875000000000000e-01
2.593125000000000000e+02 1.042968750000000000e+00
2.603320312500000000e+02 1.019531250000000000e+00
2.612929687500000000e+02 9.609375000000000000e-01
2.622148437500000000e+02 9.218750000000000000e-01
2.632226562500000000e+02 1.007812500000000000e+00
2.642656250000000000e+02 1.042968750000000000e+00
2.652304687500000000e+02 9.648437500000000000e-01
2.662500000000000000e+02 1.019531250000000000e+00
2.672578125000000000e+02 1.007812500000000000e+00
2.681796875000000000e+02 9.218750000000000000e-01
2.691875000000000000e+02 1.007812500000000000e+00
2.702343750000000000e+02 1.046875000000000000e+00
2.712148437500000000e+02 9.804687500000000000e-01
2.722539062500000000e+02 1.039062500000000000e+00
2.733203125000000000e+02 1.066406250000000000e+00
2.743242187500000000e+02 1.003906250000000000e+00
2.753203125000000000e+02 9.960937500000000000e-01
2.761992187500000000e+02 8.789062500000000000e-01
2.772109375000000000e+02 1.011718750000000000e+00
2.782851562500000000e+02 1.074218750000000000e+00
2.793437500000000000e+02 1.058593750000000000e+00
2.803320312500000000e+02 9.882812500000000000e-01
2.814179687500000000e+02 1.085937500000000000e+00
2.824726562500000000e+02 1.054687500000000000e+00
2.834570312500000000e+02 9.843750000000000000e-01
2.844882812500000000e+02 1.031250000000000000e+00
2.854726562500000000e+02 9.843750000000000000e-01
2.864726562500000000e+02 1.000000000000000000e+00
2.875664062500000000e+02 1.093750000000000000e+00
2.886210937500000000e+02 1.054687500000000000e+00
2.895859375000000000e+02 9.648437500000000000e-01
2.905937500000000000e+02 1.007812500000000000e+00
2.916250000000000000e+02 1.031250000000000000e+00
2.925937500000000000e+02 9.687500000000000000e-01
2.936093750000000000e+02 1.015625000000000000e+00
2.945625000000000000e+02 9.531250000000000000e-01
2.955078125000000000e+02 9.453125000000000000e-01
2.964804687500000000e+02 9.726562500000000000e-01
2.973945312500000000e+02 9.140625000000000000e-01
2.983007812500000000e+02 9.062500000000000000e-01
2.992578125000000000e+02 9.570312500000000000e-01
3.002226562500000000e+02 9.648437500000000000e-01
3.011093750000000000e+02 8.867187500000000000e-01
3.020625000000000000e+02 9.531250000000000000e-01
3.030312500000000000e+02 9.687500000000000000e-01
3.039140625000000000e+02 8.828125000000000000e-01
3.048789062500000000e+02 9.648437500000000000e-01
3.058632812500000000e+02 9.843750000000000000e-01
3.067343750000000000e+02 8.710937500000000000e-01
3.076406250000000000e+02 9.062500000000000000e-01
3.085898437500000000e+02 9.492187500000000000e-01
3.094570312500000000e+02 8.671875000000000000e-01
3.103671875000000000e+02 9.101562500000000000e-01
3.111523437500000000e+02 7.851562500000000000e-01
3.119648437500000000e+02 8.125000000000000000e-01
3.128671875000000000e+02 9.023437500000000000e-01
3.138125000000000000e+02 9.453125000000000000e-01
3.148671875000000000e+02 1.054687500000000000e+00
3.159179687500000000e+02 1.050781250000000000e+00
3.169140625000000000e+02 9.960937500000000000e-01
3.179179687500000000e+02 1.003906250000000000e+00
3.189218750000000000e+02 1.003906250000000000e+00
3.198515625000000000e+02 9.296875000000000000e-01
3.208554687500000000e+02 1.003906250000000000e+00
3.218750000000000000e+02 1.019531250000000000e+00
3.228125000000000000e+02 9.375000000000000000e-01
3.238593750000000000e+02 1.046875000000000000e+00
3.248867187500000000e+02 1.027343750000000000e+00
3.258046875000000000e+02 9.179687500000000000e-01
3.266835937500000000e+02 8.789062500000000000e-01
3.276250000000000000e+02 9.414062500000000000e-01
3.286132812500000000e+02 9.882812500000000000e-01
3.295507812500000000e+02 9.375000000000000000e-01
3.305546875000000000e+02 1.003906250000000000e+00
3.316289062500000000e+02 1.074218750000000000e+00
3.326328125000000000e+02 1.003906250000000000e+00
3.336132812500000000e+02 9.804687500000000000e-01
3.344960937500000000e+02 8.828125000000000000e-01
3.353789062500000000e+02 8.828125000000000000e-01
3.362695312500000000e+02 8.906250000000000000e-01
3.372500000000000000e+02 9.804687500000000000e-01
3.382382812500000000e+02 9.882812500000000000e-01
3.392070312500000000e+02 9.687500000000000000e-01
3.401328125000000000e+02 9.257812500000000000e-01
3.411093750000000000e+02 9.765625000000000000e-01
3.420703125000000000e+02 9.609375000000000000e-01
3.429921875000000000e+02 9.218750000000000000e-01
3.439726562500000000e+02 9.804687500000000000e-01
3.449648437500000000e+02 9.921875000000000000e-01
3.458710937500000000e+02 9.062500000000000000e-01
3.468632812500000000e+02 9.921875000000000000e-01
3.478710937500000000e+02 1.007812500000000000e+00
3.488242187500000000e+02 9.531250000000000000e-01
3.497812500000000000e+02 9.570312500000000000e-01
3.507617187500000000e+02 9.804687500000000000e-01
3.516562500000000000e+02 8.945312500000000000e-01
3.525703125000000000e+02 9.140625000000000000e-01
3.535390625000000000e+02 9.687500000000000000e-01
3.544726562500000000e+02 9.335937500000000000e-01
3.553789062500000000e+02 9.062500000000000000e-01
3.563437500000000000e+02 9.648437500000000000e-01
3.573125000000000000e+02 9.687500000000000000e-01
3.581875000000000000e+02 8.750000000000000000e-01
3.591093750000000000e+02 9.218750000000000000e-01
3.600898437500000000e+02 9.804687500000000000e-01
3.610117187500000000e+02 9.218750000000000000e-01
3.619335937500000000e+02 9.218750000000000000e-01
3.629453125000000000e+02 1.011718750000000000e+00
3.639570312500000000e+02 1.011718750000000000e+00
3.648632812500000000e+02 9.062500000000000000e-01
3.658281250000000000e+02 9.648437500000000000e-01
3.668085937500000000e+02 9.804687500000000000e-01
3.677031250000000000e+02 8.945312500000000000e-01
3.686953125000000000e+02 9.921875000000000000e-01
3.697070312500000000e+02 1.011718750000000000e+00
3.706406250000000000e+02 9.335937500000000000e-01
3.716406250000000000e+02 1.000000000000000000e+00
3.726992187500000000e+02 1.058593750000000000e+00
3.736562500000000000e+02 9.570312500000000000e-01
3.746640625000000000e+02 1.007812500000000000e+00
3.756914062500000000e+02 1.027343750000000000e+00
3.766054687500000000e+02 9.140625000000000000e-01
3.775234375000000000e+02 9.179687500000000000e-01
3.785195312500000000e+02 9.960937500000000000e-01
3.794453125000000000e+02 9.257812500000000000e-01
3.804687500000000000e+02 1.023437500000000000e+00
3.815703125000000000e+02 1.101562500000000000e+00
3.825625000000000000e+02 9.921875000000000000e-01
3.834765625000000000e+02 9.140625000000000000e-01
3.844414062500000000e+02 9.648437500000000000e-01
3.854453125000000000e+02 1.003906250000000000e+00
3.863632812500000000e+02 9.179687500000000000e-01
3.873828125000000000e+02 1.019531250000000000e+00
3.884804687500000000e+02 1.097656250000000000e+00
3.894843750000000000e+02 1.003906250000000000e+00
3.903945312500000000e+02 9.101562500000000000e-01
3.913593750000000000e+02 9.648437500000000000e-01
3.923281250000000000e+02 9.687500000000000000e-01
3.932148437500000000e+02 8.867187500000000000e-01
3.941328125000000000e+02 9.179687500000000000e-01
3.949570312500000000e+02 8.242187500000000000e-01
3.958320312500000000e+02 8.750000000000000000e-01
3.967695312500000000e+02 9.375000000000000000e-01
3.976835937500000000e+02 9.140625000000000000e-01
3.986914062500000000e+02 1.007812500000000000e+00
3.997343750000000000e+02 1.042968750000000000e+00
4.006757812500000000e+02 9.414062500000000000e-01
4.016289062500000000e+02 9.531250000000000000e-01
4.026015625000000000e+02 9.726562500000000000e-01
4.035039062500000000e+02 9.023437500000000000e-01
4.043437500000000000e+02 8.398437500000000000e-01
4.052617187500000000e+02 9.179687500000000000e-01
4.062460937500000000e+02 9.843750000000000000e-01
4.071054687500000000e+02 8.593750000000000000e-01
4.080390625000000000e+02 9.335937500000000000e-01
4.089960937500000000e+02 9.570312500000000000e-01
4.099179687500000000e+02 9.218750000000000000e-01
4.108789062500000000e+02 9.609375000000000000e-01
4.118750000000000000e+02 9.960937500000000000e-01
4.128242187500000000e+02 9.492187500000000000e-01
4.137421875000000000e+02 9.179687500000000000e-01
4.147382812500000000e+02 9.960937500000000000e-01
4.157187500000000000e+02 9.804687500000000000e-01
4.165898437500000000e+02 8.710937500000000000e-01
4.175312500000000000e+02 9.414062500000000000e-01
4.185156250000000000e+02 9.843750000000000000e-01
4.194179687500000000e+02 9.023437500000000000e-01
4.203906250000000000e+02 9.726562500000000000e-01
4.213984375000000000e+02 1.007812500000000000e+00
4.222929687500000000e+02 8.945312500000000000e-01
4.232890625000000000e+02 9.960937500000000000e-01
4.243164062500000000e+02 1.027343750000000000e+00
4.252460937500000000e+02 9.296875000000000000e-01
4.261601562500000000e+02 9.140625000000000000e-01
4.271445312500000000e+02 9.843750000000000000e-01
4.281132812500000000e+02 9.687500000000000000e-01
4.290585937500000000e+02 9.453125000000000000e-01
4.300937500000000000e+02 1.035156250000000000e+00
4.311445312500000000e+02 1.050781250000000000e+00
4.321367187500000000e+02 9.921875000000000000e-01
4.332031250000000000e+02 1.066406250000000000e+00
4.342734375000000000e+02 1.070312500000000000e+00
4.352578125000000000e+02 9.843750000000000000e-01
4.363281250000000000e+02 1.070312500000000000e+00
4.373789062500000000e+02 1.050781250000000000e+00
4.383125000000000000e+02 9.335937500000000000e-01
4.393164062500000000e+02 1.003906250000000000e+00
4.403632812500000000e+02 1.046875000000000000e+00
4.413007812500000000e+02 9.375000000000000000e-01
4.423007812500000000e+02 1.000000000000000000e+00
4.433476562500000000e+02 1.046875000000000000e+00
4.443046875000000000e+02 9.570312500000000000e-01
4.453007812500000000e+02 9.960937500000000000e-01
4.463203125000000000e+02 1.019531250000000000e+00
4.472617187500000000e+02 9.414062500000000000e-01
4.482695312500000000e+02 1.007812500000000000e+00
4.493046875000000000e+02 1.035156250000000000e+00
4.502617187500000000e+02 9.570312500000000000e-01
4.512968750000000000e+02 1.035156250000000000e+00
4.523632812500000000e+02 1.066406250000000000e+00
4.533203125000000000e+02 9.570312500000000000e-01
4.543398437500000000e+02 1.019531250000000000e+00
4.554140625000000000e+02 1.074218750000000000e+00
4.563671875000000000e+02 9.531250000000000000e-01
4.573984375000000000e+02 1.031250000000000000e+00
4.584843750000000000e+02 1.085937500000000000e+00
4.594765625000000000e+02 9.921875000000000000e-01
4.605625000000000000e+02 1.085937500000000000e+00
4.616484375000000000e+02 1.085937500000000000e+00
4.626093750000000000e+02 9.609375000000000000e-01
4.636445312500000000e+02 1.035156250000000000e+00
4.646992187500000000e+02 1.054687500000000000e+00
4.656562500000000000e+02 9.570312500000000000e-01
4.667500000000000000e+02 1.093750000000000000e+00
4.678203125000000000e+02 1.070312500000000000e+00
4.687265625000000000e+02 9.062500000000000000e-01
4.697265625000000000e+02 1.000000000000000000e+00
4.707617187500000000e+02 1.035156250000000000e+00
4.717343750000000000e+02 9.726562500000000000e-01
4.729062500000000000e+02 1.171875000000000000e+00
4.739960937500000000e+02 1.089843750000000000e+00
4.750585937500000000e+02 1.062500000000000000e+00
4.761523437500000000e+02 1.093750000000000000e+00
4.771875000000000000e+02 1.035156250000000000e+00
4.781914062500000000e+02 1.003906250000000000e+00
4.792578125000000000e+02 1.066406250000000000e+00
4.802773437500000000e+02 1.019531250000000000e+00
4.811835937500000000e+02 9.062500000000000000e-01
4.821445312500000000e+02 9.609375000000000000e-01
4.831406250000000000e+02 9.960937500000000000e-01
4.840898437500000000e+02 9.492187500000000000e-01
4.850859375000000000e+02 9.960937500000000000e-01
4.861132812500000000e+02 1.027343750000000000e+00
4.870585937500000000e+02 9.453125000000000000e-01
4.880585937500000000e+02 1.000000000000000000e+00
4.891054687500000000e+02 1.046875000000000000e+00
4.900546875000000000e+02 9.492187500000000000e-01
4.910312500000000000e+02 9.765625000000000000e-01
4.920585937500000000e+02 1.027343750000000000e+00
4.930820312500000000e+02 1.023437500000000000e+00
4.940898437500000000e+02 1.007812500000000000e+00
4.951835937500000000e+02 1.093750000000000000e+00
4.962382812500000000e+02 1.054687500000000000e+00
4.972265625000000000e+02 9.882812500000000000e-01
4.982734375000000000e+02 1.046875000000000000e+00
4.992734375000000000e+02 1.000000000000000000e+00
5.002148437500000000e+02 9.414062500000000000e-01
5.011757812500000000e+02 9.609375000000000000e-01
5.020585937500000000e+02 8.828125000000000000e-01
5.028906250000000000e+02 8.320312500000000000e-01
5.037656250000000000e+02 8.750000000000000000e-01
5.046054687500000000e+02 8.398437500000000000e-01
5.055625000000000000e+02 9.570312500000000000e-01
5.066171875000000000e+02 1.054687500000000000e+00
5.075937500000000000e+02 9.765625000000000000e-01
5.084921875000000000e+02 8.984375000000000000e-01
5.095000000000000000e+02 1.007812500000000000e+00
5.105625000000000000e+02 1.062500000000000000e+00
5.115429687500000000e+02 9.804687500000000000e-01
5.126367187500000000e+02 1.093750000000000000e+00
5.137070312500000000e+02 1.070312500000000000e+00
5.147460937500000000e+02 1.039062500000000000e+00
5.156601562500000000e+02 9.140625000000000000e-01
5.166406250000000000e+02 9.804687500000000000e-01
5.176601562500000000e+02 1.019531250000000000e+00
5.185820312500000000e+02 9.218750000000000000e-01
5.196210937500000000e+02 1.039062500000000000e+00
5.206679687500000000e+02 1.046875000000000000e+00
5.216250000000000000e+02 9.570312500000000000e-01
5.226796875000000000e+02 1.054687500000000000e+00
5.237304687500000000e+02 1.050781250000000000e+00
5.246679687500000000e+02 9.375000000000000000e-01
5.257109375000000000e+02 1.042968750000000000e+00
5.267500000000000000e+02 1.039062500000000000e+00
5.276914062500000000e+02 9.414062500000000000e-01
5.287265625000000000e+02 1.035156250000000000e+00
5.297656250000000000e+02 1.039062500000000000e+00
5.307148437500000000e+02 9.492187500000000000e-01
5.317265625000000000e+02 1.011718750000000000e+00
5.327968750000000000e+02 1.070312500000000000e+00
5.337812500000000000e+02 9.843750000000000000e-01
5.348125000000000000e+02 1.031250000000000000e+00
5.358906250000000000e+02 1.078125000000000000e+00
5.368750000000000000e+02 9.843750000000000000e-01
5.378789062500000000e+02 1.003906250000000000e+00
5.389140625000000000e+02 1.035156250000000000e+00
5.398984375000000000e+02 9.843750000000000000e-01
5.408242187500000000e+02 9.257812500000000000e-01
5.418906250000000000e+02 1.066406250000000000e+00
5.429492187500000000e+02 1.058593750000000000e+00
5.439375000000000000e+02 9.882812500000000000e-01
5.450195312500000000e+02 1.082031250000000000e+00
5.460781250000000000e+02 1.058593750000000000e+00
5.470390625000000000e+02 9.609375000000000000e-01
5.480742187500000000e+02 1.035156250000000000e+00
5.491093750000000000e+02 1.035156250000000000e+00
5.500898437500000000e+02 9.804687500000000000e-01
5.511640625000000000e+02 1.074218750000000000e+00
5.522421875000000000e+02 1.078125000000000000e+00
5.533046875000000000e+02 1.062500000000000000e+00
5.544062500000000000e+02 1.101562500000000000e+00
5.554765625000000000e+02 1.070312500000000000e+00
5.565664062500000000e+02 1.089843750000000000e+00
5.576757812500000000e+02 1.109375000000000000e+00
5.586875000000000000e+02 1.011718750000000000e+00
5.597421875000000000e+02 1.054687500000000000e+00
5.607343750000000000e+02 9.921875000000000000e-01
5.617617187500000000e+02 1.027343750000000000e+00
5.627929687500000000e+02 1.031250000000000000e+00
5.637773437500000000e+02 9.843750000000000000e-01
5.648125000000000000e+02 1.035156250000000000e+00
5.658359375000000000e+02 1.023437500000000000e+00
5.667890625000000000e+02 9.531250000000000000e-01
5.678515625000000000e+02 1.062500000000000000e+00
5.689335937500000000e+02 1.082031250000000000e+00
5.699101562500000000e+02 9.765625000000000000e-01
5.709296875000000000e+02 1.019531250000000000e+00
5.719687500000000000e+02 1.039062500000000000e+00
5.728984375000000000e+02 9.296875000000000000e-01
5.738789062500000000e+02 9.804687500000000000e-01
5.749062500000000000e+02 1.027343750000000000e+00
5.758437500000000000e+02 9.375000000000000000e-01
5.768281250000000000e+02 9.843750000000000000e-01
5.777968750000000000e+02 9.687500000000000000e-01
5.787460937500000000e+02 9.492187500000000000e-01
5.797773437500000000e+02 1.031250000000000000e+00
5.807812500000000000e+02 1.003906250000000000e+00
5.816875000000000000e+02 9.062500000000000000e-01
5.826523437500000000e+02 9.648437500000000000e-01
5.836289062500000000e+02 9.765625000000000000e-01
5.845585937500000000e+02 9.296875000000000000e-01
5.855781250000000000e+02 1.019531250000000000e+00
5.866250000000000000e+02 1.046875000000000000e+00
5.875898437500000000e+02 9.648437500000000000e-01
5.885781250000000000e+02 9.882812500000000000e-01
5.896015625000000000e+02 1.023437500000000000e+00
5.906015625000000000e+02 1.000000000000000000e+00
5.915390625000000000e+02 9.375000000000000000e-01
5.925742187500000000e+02 1.035156250000000000e+00
5.935976562500000000e+02 1.023437500000000000e+00
5.945234375000000000e+02 9.257812500000000000e-01
5.954257812500000000e+02 9.023437500000000000e-01
5.963984375000000000e+02 9.726562500000000000e-01
5.974062500000000000e+02 1.007812500000000000e+00
5.983320312500000000e+02 9.257812500000000000e-01
5.993046875000000000e+02 9.726562500000000000e-01
6.002968750000000000e+02 9.921875000000000000e-01
6.012148437500000000e+02 9.179687500000000000e-01
6.022148437500000000e+02 1.000000000000000000e+00
6.032226562500000000e+02 1.007812500000000000e+00
6.041132812500000000e+02 8.906250000000000000e-01
6.050703125000000000e+02 9.570312500000000000e-01
6.060234375000000000e+02 9.531250000000000000e-01
6.068593750000000000e+02 8.359375000000000000e-01
6.078437500000000000e+02 9.843750000000000000e-01
6.088554687500000000e+02 1.011718750000000000e+00
6.097734375000000000e+02 9.179687500000000000e-01
6.107500000000000000e+02 9.765625000000000000e-01
6.116757812500000000e+02 9.257812500000000000e-01
6.125937500000000000e+02 9.179687500000000000e-01
6.135703125000000000e+02 9.765625000000000000e-01
6.144843750000000000e+02 9.140625000000000000e-01
6.153750000000000000e+02 8.906250000000000000e-01
6.163359375000000000e+02 9.609375000000000000e-01
6.172226562500000000e+02 8.867187500000000000e-01
6.181093750000000000e+02 8.867187500000000000e-01
6.190429687500000000e+02 9.335937500000000000e-01
6.199023437500000000e+02 8.593750000000000000e-01
6.207421875000000000e+02 8.398437500000000000e-01
6.216484375000000000e+02 9.062500000000000000e-01
6.225351562500000000e+02 8.867187500000000000e-01
6.234531250000000000e+02 9.179687500000000000e-01
6.244492187500000000e+02 9.960937500000000000e-01
6.254218750000000000e+02 9.726562500000000000e-01
6.262968750000000000e+02 8.750000000000000000e-01
6.271953125000000000e+02 8.984375000000000000e-01
6.281406250000000000e+02 9.453125000000000000e-01
6.290625000000000000e+02 9.218750000000000000e-01
6.299687500000000000e+02 9.062500000000000000e-01
6.309218750000000000e+02 9.531250000000000000e-01
6.318398437500000000e+02 9.179687500000000000e-01
6.327109375000000000e+02 8.710937500000000000e-01
6.336250000000000000e+02 9.140625000000000000e-01
6.345468750000000000e+02 9.218750000000000000e-01
6.353593750000000000e+02 8.125000000000000000e-01
6.362070312500000000e+02 8.476562500000000000e-01
6.370625000000000000e+02 8.554687500000000000e-01
6.378789062500000000e+02 8.164062500000000000e-01
6.387421875000000000e+02 8.632812500000000000e-01
6.396796875000000000e+02 9.375000000000000000e-01
6.405585937500000000e+02 8.789062500000000000e-01
6.414257812500000000e+02 8.671875000000000000e-01
6.423593750000000000e+02 9.335937500000000000e-01
6.432656250000000000e+02 9.062500000000000000e-01
6.441445312500000000e+02 8.789062500000000000e-01
6.450937500000000000e+02 9.492187500000000000e-01
6.460859375000000000e+02 9.921875000000000000e-01
6.470312500000000000e+02 9.453125000000000000e-01
6.478945312500000000e+02 8.632812500000000000e-01
6.488359375000000000e+02 9.414062500000000000e-01
6.498203125000000000e+02 9.843750000000000000e-01
6.507500000000000000e+02 9.296875000000000000e-01
6.516953125000000000e+02 9.453125000000000000e-01
6.527070312500000000e+02 1.011718750000000000e+00
6.536679687500000000e+02 9.609375000000000000e-01
6.545507812500000000e+02 8.828125000000000000e-01
6.555234375000000000e+02 9.726562500000000000e-01
6.565859375000000000e+02 1.062500000000000000e+00
6.575898437500000000e+02 1.003906250000000000e+00
6.585859375000000000e+02 9.960937500000000000e-01
6.596171875000000000e+02 1.031250000000000000e+00
6.606289062500000000e+02 1.011718750000000000e+00
6.616562500000000000e+02 1.027343750000000000e+00
6.627070312500000000e+02 1.050781250000000000e+00
6.636914062500000000e+02 9.843750000000000000e-01
6.646718750000000000e+02 9.804687500000000000e-01
6.657070312500000000e+02 1.035156250000000000e+00
6.667539062500000000e+02 1.046875000000000000e+00
6.677617187500000000e+02 1.007812500000000000e+00
6.688242187500000000e+02 1.062500000000000000e+00
6.698281250000000000e+02 1.003906250000000000e+00
6.708085937500000000e+02 9.804687500000000000e-01
6.718320312500000000e+02 1.023437500000000000e+00
6.728046875000000000e+02 9.726562500000000000e-01
6.736367187500000000e+02 8.320312500000000000e-01
6.745039062500000000e+02 8.671875000000000000e-01
6.755351562500000000e+02 1.031250000000000000e+00
6.766132812500000000e+02 1.078125000000000000e+00
6.776835937500000000e+02 1.070312500000000000e+00
6.786679687500000000e+02 9.843750000000000000e-01
6.797031250000000000e+02 1.035156250000000000e+00
6.807539062500000000e+02 1.050781250000000000e+00
6.817578125000000000e+02 1.003906250000000000e+00
6.827148437500000000e+02 9.570312500000000000e-01
6.837148437500000000e+02 1.000000000000000000e+00
6.847578125000000000e+02 1.042968750000000000e+00
6.856992187500000000e+02 9.414062500000000000e-01
6.866757812500000000e+02 9.765625000000000000e-01
6.877031250000000000e+02 1.027343750000000000e+00
6.887226562500000000e+02 1.019531250000000000e+00
6.896796875000000000e+02 9.570312500000000000e-01
6.907226562500000000e+02 1.042968750000000000e+00
6.917968750000000000e+02 1.074218750000000000e+00
6.927890625000000000e+02 9.921875000000000000e-01
6.938437500000000000e+02 1.054687500000000000e+00
6.948789062500000000e+02 1.035156250000000000e+00
6.958398437500000000e+02 9.609375000000000000e-01
6.968398437500000000e+02 1.000000000000000000e+00
6.979414062500000000e+02 1.101562500000000000e+00
6.989414062500000000e+02 1.000000000000000000e+00
6.999726562500000000e+02 1.031250000000000000e+00
7.010937500000000000e+02 1.121093750000000000e+00
7.021601562500000000e+02 1.066406250000000000e+00
7.031289062500000000e+02 9.687500000000000000e-01
7.041757812500000000e+02 1.046875000000000000e+00
7.051328125000000000e+02 9.570312500000000000e-01
7.059453125000000000e+02 8.125000000000000000e-01
7.067734375000000000e+02 8.281250000000000000e-01
7.076171875000000000e+02 8.437500000000000000e-01
7.086289062500000000e+02 1.011718750000000000e+00
7.096562500000000000e+02 1.027343750000000000e+00
7.105976562500000000e+02 9.414062500000000000e-01
7.116171875000000000e+02 1.019531250000000000e+00
7.126953125000000000e+02 1.078125000000000000e+00
7.137226562500000000e+02 1.027343750000000000e+00
7.147031250000000000e+02 9.804687500000000000e-01
7.157421875000000000e+02 1.039062500000000000e+00
7.167578125000000000e+02 1.015625000000000000e+00
7.176367187500000000e+02 8.789062500000000000e-01
7.186093750000000000e+02 9.726562500000000000e-01
7.196562500000000000e+02 1.046875000000000000e+00
7.206445312500000000e+02 9.882812500000000000e-01
7.216289062500000000e+02 9.843750000000000000e-01
7.226835937500000000e+02 1.054687500000000000e+00
7.236640625000000000e+02 9.804687500000000000e-01
7.247031250000000000e+02 1.039062500000000000e+00
7.258046875000000000e+02 1.101562500000000000e+00
7.268046875000000000e+02 1.000000000000000000e+00
7.277500000000000000e+02 9.453125000000000000e-01
7.287695312500000000e+02 1.019531250000000000e+00
7.297578125000000000e+02 9.882812500000000000e-01
7.307226562500000000e+02 9.648437500000000000e-01
7.317890625000000000e+02 1.066406250000000000e+00
7.328007812500000000e+02 1.011718750000000000e+00
7.338046875000000000e+02 1.003906250000000000e+00
7.348945312500000000e+02 1.089843750000000000e+00
7.359414062500000000e+02 1.046875000000000000e+00
7.369492187500000000e+02 1.007812500000000000e+00
7.380117187500000000e+02 1.062500000000000000e+00
7.390898437500000000e+02 1.078125000000000000e+00
7.400585937500000000e+02 9.687500000000000000e-01
7.411250000000000000e+02 1.066406250000000000e+00
7.421796875000000000e+02 1.054687500000000000e+00
7.431718750000000000e+02 9.921875000000000000e-01
7.442187500000000000e+02 1.046875000000000000e+00
7.452695312500000000e+02 1.050781250000000000e+00
7.462148437500000000e+02 9.453125000000000000e-01
7.472382812500000000e+02 1.023437500000000000e+00
7.482578125000000000e+02 1.019531250000000000e+00
7.492343750000000000e+02 9.765625000000000000e-01
7.502773437500000000e+02 1.042968750000000000e+00
7.512656250000000000e+02 9.882812500000000000e-01
7.521992187500000000e+02 9.335937500000000000e-01
7.531953125000000000e+02 9.960937500000000000e-01
7.542343750000000000e+02 1.039062500000000000e+00
7.552929687500000000e+02 1.058593750000000000e+00
7.563906250000000000e+02 1.097656250000000000e+00
7.574218750000000000e+02 1.031250000000000000e+00
7.583710937500000000e+02 9.492187500000000000e-01
7.593593750000000000e+02 9.882812500000000000e-01
7.603320312500000000e+02 9.726562500000000000e-01
7.613125000000000000e+02 9.804687500000000000e-01
7.623554687500000000e+02 1.042968750000000000e+00
7.633710937500000000e+02 1.015625000000000000e+00
7.643632812500000000e+02 9.921875000000000000e-01
7.654453125000000000e+02 1.082031250000000000e+00
7.665234375000000000e+02 1.078125000000000000e+00
7.675312500000000000e+02 1.007812500000000000e+00
7.686132812500000000e+02 1.082031250000000000e+00
7.696445312500000000e+02 1.031250000000000000e+00
7.706328125000000000e+02 9.882812500000000000e-01
7.716796875000000000e+02 1.046875000000000000e+00
7.726875000000000000e+02 1.007812500000000000e+00
7.736015625000000000e+02 9.140625000000000000e-01
7.745742187500000000e+02 9.726562500000000000e-01
7.756132812500000000e+02 1.039062500000000000e+00
7.765546875000000000e+02 9.414062500000000000e-01
7.775546875000000000e+02 1.000000000000000000e+00
7.784179687500000000e+02 8.632812500000000000e-01
7.792617187500000000e+02 8.437500000000000000e-01
7.801601562500000000e+02 8.984375000000000000e-01
7.812148437500000000e+02 1.054687500000000000e+00
7.821953125000000000e+02 9.804687500000000000e-01
7.831640625000000000e+02 9.687500000000000000e-01
7.841796875000000000e+02 1.015625000000000000e+00
7.851992187500000000e+02 1.019531250000000000e+00
7.861406250000000000e+02 9.414062500000000000e-01
7.870664062500000000e+02 9.257812500000000000e-01
7.880742187500000000e+02 1.007812500000000000e+00
7.890273437500000000e+02 9.531250000000000000e-01
7.900820312500000000e+02 1.054687500000000000e+00
7.911250000000000000e+02 1.042968750000000000e+00
7.920390625000000000e+02 9.140625000000000000e-01
7.929960937500000000e+02 9.570312500000000000e-01
7.939921875000000000e+02 9.960937500000000000e-01
7.949101562500000000e+02 9.179687500000000000e-01
7.958671875000000000e+02 9.570312500000000000e-01
7.968906250000000000e+02 1.023437500000000000e+00
7.978437500000000000e+02 9.531250000000000000e-01
7.988164062500000000e+02 9.726562500000000000e-01
7.998203125000000000e+02 1.003906250000000000e+00
8.007539062500000000e+02 9.335937500000000000e-01
8.018085937500000000e+02 1.054687500000000000e+00
8.028046875000000000e+02 9.960937500000000000e-01
8.036757812500000000e+02 8.710937500000000000e-01
8.045937500000000000e+02 9.179687500000000000e-01
8.055429687500000000e+02 9.492187500000000000e-01
8.064765625000000000e+02 9.335937500000000000e-01
8.074765625000000000e+02 1.000000000000000000e+00
8.085078125000000000e+02 1.031250000000000000e+00
8.094687500000000000e+02 9.609375000000000000e-01
8.105039062500000000e+02 1.035156250000000000e+00
8.115273437500000000e+02 1.023437500000000000e+00
8.124375000000000000e+02 9.101562500000000000e-01
8.134140625000000000e+02 9.765625000000000000e-01
8.144179687500000000e+02 1.003906250000000000e+00
8.153398437500000000e+02 9.218750000000000000e-01
8.163437500000000000e+02 1.003906250000000000e+00
8.173750000000000000e+02 1.031250000000000000e+00
8.183320312500000000e+02 9.570312500000000000e-01
8.193554687500000000e+02 1.023437500000000000e+00
8.203671875000000000e+02 1.011718750000000000e+00
8.212929687500000000e+02 9.257812500000000000e-01
8.222773437500000000e+02 9.843750000000000000e-01
8.233125000000000000e+02 1.035156250000000000e+00
8.242617187500000000e+02 9.492187500000000000e-01
8.253906250000000000e+02 1.128906250000000000e+00
8.264960937500000000e+02 1.105468750000000000e+00
8.275156250000000000e+02 1.019531250000000000e+00
8.285468750000000000e+02 1.031250000000000000e+00
8.295781250000000000e+02 1.031250000000000000e+00
8.305117187500000000e+02 9.335937500000000000e-01
8.314335937500000000e+02 9.218750000000000000e-01
8.324335937500000000e+02 1.000000000000000000e+00
8.334140625000000000e+02 9.804687500000000000e-01
8.343945312500000000e+02 9.804687500000000000e-01
8.354570312500000000e+02 1.062500000000000000e+00
8.364570312500000000e+02 1.000000000000000000e+00
8.373828125000000000e+02 9.257812500000000000e-01
8.384375000000000000e+02 1.054687500000000000e+00
8.394960937500000000e+02 1.058593750000000000e+00
8.405507812500000000e+02 1.054687500000000000e+00
8.416445312500000000e+02 1.093750000000000000e+00
8.426875000000000000e+02 1.042968750000000000e+00
8.436054687500000000e+02 9.179687500000000000e-01
8.446132812500000000e+02 1.007812500000000000e+00
8.456640625000000000e+02 1.050781250000000000e+00
8.465898437500000000e+02 9.257812500000000000e-01
8.475546875000000000e+02 9.648437500000000000e-01
8.486250000000000000e+02 1.070312500000000000e+00
8.496210937500000000e+02 9.960937500000000000e-01
8.506171875000000000e+02 9.960937500000000000e-01
8.516640625000000000e+02 1.046875000000000000e+00
8.526640625000000000e+02 1.000000000000000000e+00
8.536992187500000000e+02 1.035156250000000000e+00
8.547382812500000000e+02 1.039062500000000000e+00
8.556679687500000000e+02 9.296875000000000000e-01
8.566015625000000000e+02 9.335937500000000000e-01
8.575585937500000000e+02 9.570312500000000000e-01
8.585156250000000000e+02 9.570312500000000000e-01
8.594375000000000000e+02 9.218750000000000000e-01
8.604375000000000000e+02 1.000000000000000000e+00
8.614296875000000000e+02 9.921875000000000000e-01
8.623710937500000000e+02 9.414062500000000000e-01
8.633710937500000000e+02 1.000000000000000000e+00
8.643437500000000000e+02 9.726562500000000000e-01
8.652460937500000000e+02 9.023437500000000000e-01
8.662304687500000000e+02 9.843750000000000000e-01
8.672382812500000000e+02 1.007812500000000000e+00
8.681484375000000000e+02 9.101562500000000000e-01
8.691171875000000000e+02 9.687500000000000000e-01
8.701015625000000000e+02 9.843750000000000000e-01
8.710156250000000000e+02 9.140625000000000000e-01
8.719218750000000000e+02 9.062500000000000000e-01
8.728750000000000000e+02 9.531250000000000000e-01
8.737968750000000000e+02 9.218750000000000000e-01
8.747539062500000000e+02 9.570312500000000000e-01
8.757773437500000000e+02 1.023437500000000000e+00
8.768164062500000000e+02 1.039062500000000000e+00
8.777851562500000000e+02 9.687500000000000000e-01
8.787968750000000000e+02 1.011718750000000000e+00
8.797851562500000000e+02 9.882812500000000000e-01
8.806718750000000000e+02 8.867187500000000000e-01
8.814296875000000000e+02 7.578125000000000000e-01
8.821718750000000000e+02 7.421875000000000000e-01
8.829296875000000000e+02 7.578125000000000000e-01
8.836523437500000000e+02 7.226562500000000000e-01
8.844101562500000000e+02 7.578125000000000000e-01
8.852851562500000000e+02 8.750000000000000000e-01
8.863320312500000000e+02 1.046875000000000000e+00
8.873437500000000000e+02 1.011718750000000000e+00
8.883789062500000000e+02 1.035156250000000000e+00
8.894218750000000000e+02 1.042968750000000000e+00
8.903750000000000000e+02 9.531250000000000000e-01
8.913281250000000000e+02 9.531250000000000000e-01
8.923398437500000000e+02 1.011718750000000000e+00
8.932851562500000000e+02 9.453125000000000000e-01
8.942109375000000000e+02 9.257812500000000000e-01
8.953281250000000000e+02 1.117187500000000000e+00
8.963984375000000000e+02 1.070312500000000000e+00
8.973242187500000000e+02 9.257812500000000000e-01
8.983515625000000000e+02 1.027343750000000000e+00
8.994531250000000000e+02 1.101562500000000000e+00
9.004960937500000000e+02 1.042968750000000000e+00
9.015390625000000000e+02 1.042968750000000000e+00
9.026328125000000000e+02 1.093750000000000000e+00
9.036210937500000000e+02 9.882812500000000000e-01
9.045625000000000000e+02 9.414062500000000000e-01
9.055742187500000000e+02 1.011718750000000000e+00
9.066054687500000000e+02 1.031250000000000000e+00
9.075156250000000000e+02 9.101562500000000000e-01
9.085156250000000000e+02 1.000000000000000000e+00
9.095390625000000000e+02 1.023437500000000000e+00
9.104570312500000000e+02 9.179687500000000000e-01
9.114375000000000000e+02 9.804687500000000000e-01
9.124960937500000000e+02 1.058593750000000000e+00
9.134882812500000000e+02 9.921875000000000000e-01
9.143984375000000000e+02 9.101562500000000000e-01
9.154335937500000000e+02 1.035156250000000000e+00
9.164453125000000000e+02 1.011718750000000000e+00
9.173515625000000000e+02 9.062500000000000000e-01
9.182460937500000000e+02 8.945312500000000000e-01
9.192851562500000000e+02 1.039062500000000000e+00
9.203164062500000000e+02 1.031250000000000000e+00
9.212929687500000000e+02 9.765625000000000000e-01
9.223320312500000000e+02 1.039062500000000000e+00
9.233515625000000000e+02 1.019531250000000000e+00
9.242617187500000000e+02 9.101562500000000000e-01
9.252500000000000000e+02 9.882812500000000000e-01
9.262812500000000000e+02 1.031250000000000000e+00
9.272148437500000000e+02 9.335937500000000000e-01
9.282773437500000000e+02 1.062500000000000000e+00
9.293593750000000000e+02 1.082031250000000000e+00
9.303515625000000000e+02 9.921875000000000000e-01
9.314375000000000000e+02 1.085937500000000000e+00
9.325195312500000000e+02 1.082031250000000000e+00
9.335546875000000000e+02 1.035156250000000000e+00
9.346171875000000000e+02 1.062500000000000000e+00
9.356679687500000000e+02 1.050781250000000000e+00
9.366054687500000000e+02 9.375000000000000000e-01
9.376289062500000000e+02 1.023437500000000000e+00
9.386718750000000000e+02 1.042968750000000000e+00
9.396406250000000000e+02 9.687500000000000000e-01
9.406953125000000000e+02 1.054687500000000000e+00
9.417617187500000000e+02 1.066406250000000000e+00
9.427578125000000000e+02 9.960937500000000000e-01
9.438242187500000000e+02 1.066406250000000000e+00
9.449023437500000000e+02 1.078125000000000000e+00
9.459648437500000000e+02 1.062500000000000000e+00
9.470585937500000000e+02 1.093750000000000000e+00
9.481523437500000000e+02 1.093750000000000000e+00
9.491484375000000000e+02 9.960937500000000000e-01
9.501875000000000000e+02 1.039062500000000000e+00
9.512187500000000000e+02 1.031250000000000000e+00
9.521679687500000000e+02 9.492187500000000000e-01
9.532343750000000000e+02 1.066406250000000000e+00
9.543125000000000000e+02 1.078125000000000000e+00
9.552617187500000000e+02 9.492187500000000000e-01
9.562578125000000000e+02 9.960937500000000000e-01
9.572148437500000000e+02 9.570312500000000000e-01
9.580742187500000000e+02 8.593750000000000000e-01
9.590039062500000000e+02 9.296875000000000000e-01
9.599921875000000000e+02 9.882812500000000000e-01
9.608906250000000000e+02 8.984375000000000000e-01
9.618437500000000000e+02 9.531250000000000000e-01
9.628554687500000000e+02 1.011718750000000000e+00
9.638789062500000000e+02 1.023437500000000000e+00
9.648085937500000000e+02 9.296875000000000000e-01
9.657929687500000000e+02 9.843750000000000000e-01
9.668046875000000000e+02 1.011718750000000000e+00
9.677539062500000000e+02 9.492187500000000000e-01
9.686914062500000000e+02 9.375000000000000000e-01
9.696835937500000000e+02 9.921875000000000000e-01
9.706132812500000000e+02 9.296875000000000000e-01
9.715351562500000000e+02 9.218750000000000000e-01
9.725039062500000000e+02 9.687500000000000000e-01
9.734492187500000000e+02 9.453125000000000000e-01
9.743281250000000000e+02 8.789062500000000000e-01
9.752968750000000000e+02 9.687500000000000000e-01
9.762890625000000000e+02 9.921875000000000000e-01
9.772265625000000000e+02 9.375000000000000000e-01
9.782226562500000000e+02 9.960937500000000000e-01
9.792500000000000000e+02 1.027343750000000000e+00
9.802421875000000000e+02 9.921875000000000000e-01
9.811679687500000000e+02 9.257812500000000000e-01
9.821210937500000000e+02 9.531250000000000000e-01
9.830781250000000000e+02 9.570312500000000000e-01
9.839531250000000000e+02 8.750000000000000000e-01
9.848437500000000000e+02 8.906250000000000000e-01
9.858085937500000000e+02 9.648437500000000000e-01
9.867734375000000000e+02 9.648437500000000000e-01
9.876875000000000000e+02 9.140625000000000000e-01
9.886640625000000000e+02 9.765625000000000000e-01
9.896679687500000000e+02 1.003906250000000000e+00
9.905703125000000000e+02 9.023437500000000000e-01
9.915585937500000000e+02 9.882812500000000000e-01
9.925625000000000000e+02 1.003906250000000000e+00
9.934843750000000000e+02 9.218750000000000000e-01
9.944609375000000000e+02 9.765625000000000000e-01
9.954921875000000000e+02 1.031250000000000000e+00
9.964648437500000000e+02 9.726562500000000000e-01
9.974179687500000000e+02 9.531250000000000000e-01
9.984414062500000000e+02 1.023437500000000000e+00
9.994648437500000000e+02 1.023437500000000000e+00
1.000394531250000000e+03 9.296875000000000000e-01
1.001351562500000000e+03 9.570312500000000000e-01
1.002339843750000000e+03 9.882812500000000000e-01
1.003289062500000000e+03 9.492187500000000000e-01
1.004238281250000000e+03 9.492187500000000000e-01
1.005265625000000000e+03 1.027343750000000000e+00
1.006269531250000000e+03 1.003906250000000000e+00
1.007207031250000000e+03 9.375000000000000000e-01
1.008250000000000000e+03 1.042968750000000000e+00
1.009257812500000000e+03 1.007812500000000000e+00
1.010136718750000000e+03 8.789062500000000000e-01
1.011078125000000000e+03 9.414062500000000000e-01
1.012113281250000000e+03 1.035156250000000000e+00
1.013113281250000000e+03 1.000000000000000000e+00
1.014101562500000000e+03 9.882812500000000000e-01
1.015183593750000000e+03 1.082031250000000000e+00
1.016253906250000000e+03 1.070312500000000000e+00
1.017242187500000000e+03 9.882812500000000000e-01
1.018316406250000000e+03 1.074218750000000000e+00
1.019382812500000000e+03 1.066406250000000000e+00
1.020351562500000000e+03 9.687500000000000000e-01
1.021410156250000000e+03 1.058593750000000000e+00
1.022503906250000000e+03 1.093750000000000000e+00
1.023503906250000000e+03 1.000000000000000000e+00
1.024558593750000000e+03 1.054687500000000000e+00
1.025644531250000000e+03 1.085937500000000000e+00
1.026648437500000000e+03 1.003906250000000000e+00
1.027671875000000000e+03 1.023437500000000000e+00
1.028777343750000000e+03 1.105468750000000000e+00
1.029835937500000000e+03 1.058593750000000000e+00
1.030835937500000000e+03 1.000000000000000000e+00
1.031773437500000000e+03 9.375000000000000000e-01
1.032640625000000000e+03 8.671875000000000000e-01
1.033535156250000000e+03 8.945312500000000000e-01
1.034382812500000000e+03 8.476562500000000000e-01
1.035367187500000000e+03 9.843750000000000000e-01
1.036394531250000000e+03 1.027343750000000000e+00
1.037378906250000000e+03 9.843750000000000000e-01
1.038292968750000000e+03 9.140625000000000000e-01
1.039292968750000000e+03 1.000000000000000000e+00
1.040304687500000000e+03 1.011718750000000000e+00
1.041214843750000000e+03 9.101562500000000000e-01
1.042222656250000000e+03 1.007812500000000000e+00
1.043253906250000000e+03 1.031250000000000000e+00
1.044253906250000000e+03 1.000000000000000000e+00
1.045160156250000000e+03 9.062500000000000000e-01
1.046136718750000000e+03 9.765625000000000000e-01
1.047136718750000000e+03 1.000000000000000000e+00
1.048074218750000000e+03 9.375000000000000000e-01
1.049046875000000000e+03 9.726562500000000000e-01
1.050058593750000000e+03 1.011718750000000000e+00
1.051007812500000000e+03 9.492187500000000000e-01
1.051906250000000000e+03 8.984375000000000000e-01
1.052914062500000000e+03 1.007812500000000000e+00
1.053937500000000000e+03 1.023437500000000000e+00
1.054855468750000000e+03 9.179687500000000000e-01
1.055902343750000000e+03 1.046875000000000000e+00
1.056964843750000000e+03 1.062500000000000000e+00
1.057902343750000000e+03 9.375000000000000000e-01
1.058902343750000000e+03 1.000000000000000000e+00
1.059914062500000000e+03 1.011718750000000000e+00
1.060894531250000000e+03 9.804687500000000000e-01
1.061792968750000000e+03 8.984375000000000000e-01
1.062812500000000000e+03 1.019531250000000000e+00
1.063859375000000000e+03 1.046875000000000000e+00
1.064792968750000000e+03 9.335937500000000000e-01
1.065773437500000000e+03 9.804687500000000000e-01
1.066800781250000000e+03 1.027343750000000000e+00
1.067734375000000000e+03 9.335937500000000000e-01
1.068742187500000000e+03 1.007812500000000000e+00
1.069785156250000000e+03 1.042968750000000000e+00
1.070742187500000000e+03 9.570312500000000000e-01
1.071753906250000000e+03 1.011718750000000000e+00
1.072808593750000000e+03 1.054687500000000000e+00
1.073804687500000000e+03 9.960937500000000000e-01
1.074816406250000000e+03 1.011718750000000000e+00
1.075902343750000000e+03 1.085937500000000000e+00
1.076933593750000000e+03 1.031250000000000000e+00
1.078011718750000000e+03 1.078125000000000000e+00
1.079117187500000000e+03 1.105468750000000000e+00
1.080148437500000000e+03 1.031250000000000000e+00
1.081195312500000000e+03 1.046875000000000000e+00
1.082269531250000000e+03 1.074218750000000000e+00
1.083242187500000000e+03 9.726562500000000000e-01
1.084285156250000000e+03 1.042968750000000000e+00
1.085382812500000000e+03 1.097656250000000000e+00
1.086378906250000000e+03 9.960937500000000000e-01
1.087382812500000000e+03 1.003906250000000000e+00
1.088429687500000000e+03 1.046875000000000000e+00
1.089433593750000000e+03 1.003906250000000000e+00
1.090500000000000000e+03 1.066406250000000000e+00
1.091574218750000000e+03 1.074218750000000000e+00
1.092542968750000000e+03 9.687500000000000000e-01
1.093648437500000000e+03 1.105468750000000000e+00
1.094726562500000000e+03 1.078125000000000000e+00
1.095683593750000000e+03 9.570312500000000000e-01
1.096714843750000000e+03 1.031250000000000000e+00
1.097757812500000000e+03 1.042968750000000000e+00
1.098722656250000000e+03 9.648437500000000000e-01
1.099765625000000000e+03 1.042968750000000000e+00
1.100785156250000000e+03 1.019531250000000000e+00
1.101734375000000000e+03 9.492187500000000000e-01
1.102765625000000000e+03 1.031250000000000000e+00
1.103761718750000000e+03 9.960937500000000000e-01
1.104722656250000000e+03 9.609375000000000000e-01
1.105761718750000000e+03 1.039062500000000000e+00
1.106808593750000000e+03 1.046875000000000000e+00
1.107757812500000000e+03 9.492187500000000000e-01
1.108773437500000000e+03 1.015625000000000000e+00
1.109804687500000000e+03 1.031250000000000000e+00
1.110718750000000000e+03 9.140625000000000000e-01
1.111699218750000000e+03 9.804687500000000000e-01
1.112718750000000000e+03 1.019531250000000000e+00
1.113636718750000000e+03 9.179687500000000000e-01
1.114531250000000000e+03 8.945312500000000000e-01
1.115531250000000000e+03 1.000000000000000000e+00
1.116527343750000000e+03 9.960937500000000000e-01
1.117492187500000000e+03 9.648437500000000000e-01
1.118542968750000000e+03 1.050781250000000000e+00
1.119593750000000000e+03 1.050781250000000000e+00
1.120542968750000000e+03 9.492187500000000000e-01
1.121550781250000000e+03 1.007812500000000000e+00
1.122582031250000000e+03 1.031250000000000000e+00
1.123539062500000000e+03 9.570312500000000000e-01
1.124531250000000000e+03 9.921875000000000000e-01
1.125535156250000000e+03 1.003906250000000000e+00
1.126515625000000000e+03 9.804687500000000000e-01
1.127492187500000000e+03 9.765625000000000000e-01
1.128523437500000000e+03 1.031250000000000000e+00
1.129519531250000000e+03 9.960937500000000000e-01
1.130500000000000000e+03 9.804687500000000000e-01
1.131531250000000000e+03 1.031250000000000000e+00
1.132535156250000000e+03 1.003906250000000000e+00
1.133414062500000000e+03 8.789062500000000000e-01
1.134378906250000000e+03 9.648437500000000000e-01
1.135378906250000000e+03 1.000000000000000000e+00
1.136289062500000000e+03 9.101562500000000000e-01
1.137292968750000000e+03 1.003906250000000000e+00
1.138300781250000000e+03 1.007812500000000000e+00
1.139210937500000000e+03 9.101562500000000000e-01
1.140207031250000000e+03 9.960937500000000000e-01
1.141210937500000000e+03 1.003906250000000000e+00
1.142164062500000000e+03 9.531250000000000000e-01
1.143191406250000000e+03 1.027343750000000000e+00
1.144195312500000000e+03 1.003906250000000000e+00
1.145152343750000000e+03 9.570312500000000000e-01
1.146167968750000000e+03 1.015625000000000000e+00
1.147183593750000000e+03 1.015625000000000000e+00
1.148121093750000000e+03 9.375000000000000000e-01
1.149156250000000000e+03 1.035156250000000000e+00
1.150195312500000000e+03 1.039062500000000000e+00
1.151113281250000000e+03 9.179687500000000000e-01
1.152093750000000000e+03 9.804687500000000000e-01
1.153160156250000000e+03 1.066406250000000000e+00
1.154144531250000000e+03 9.843750000000000000e-01
1.155187500000000000e+03 1.042968750000000000e+00
1.156277343750000000e+03 1.089843750000000000e+00
1.157246093750000000e+03 9.687500000000000000e-01
1.158246093750000000e+03 1.000000000000000000e+00
1.159281250000000000e+03 1.035156250000000000e+00
1.160269531250000000e+03 9.882812500000000000e-01
1.161179687500000000e+03 9.101562500000000000e-01
1.162167968750000000e+03 9.882812500000000000e-01
1.163167968750000000e+03 1.000000000000000000e+00
1.164085937500000000e+03 9.179687500000000000e-01
1.165117187500000000e+03 1.031250000000000000e+00
1.166175781250000000e+03 1.058593750000000000e+00
1.167097656250000000e+03 9.218750000000000000e-01
1.168070312500000000e+03 9.726562500000000000e-01
1.169089843750000000e+03 1.019531250000000000e+00
1.170011718750000000e+03 9.218750000000000000e-01
1.171031250000000000e+03 1.019531250000000000e+00
1.172089843750000000e+03 1.058593750000000000e+00
1.173050781250000000e+03 9.609375000000000000e-01
1.174062500000000000e+03 1.011718750000000000e+00
1.175085937500000000e+03 1.023437500000000000e+00
1.176019531250000000e+03 9.335937500000000000e-01
1.176992187500000000e+03 9.726562500000000000e-01
1.178015625000000000e+03 1.023437500000000000e+00
1.178957031250000000e+03 9.414062500000000000e-01
1.179968750000000000e+03 1.011718750000000000e+00
1.181007812500000000e+03 1.039062500000000000e+00
1.181976562500000000e+03 9.687500000000000000e-01
1.182945312500000000e+03 9.687500000000000000e-01
1.183945312500000000e+03 1.000000000000000000e+00
1.184914062500000000e+03 9.687500000000000000e-01
1.185812500000000000e+03 8.984375000000000000e-01
1.186785156250000000e+03 9.726562500000000000e-01
1.187796875000000000e+03 1.011718750000000000e+00
1.188742187500000000e+03 9.453125000000000000e-01
1.189792968750000000e+03 1.050781250000000000e+00
1.190832031250000000e+03 1.039062500000000000e+00
1.191753906250000000e+03 9.218750000000000000e-01
1.192753906250000000e+03 1.000000000000000000e+00
1.193808593750000000e+03 1.054687500000000000e+00
1.194753906250000000e+03 9.453125000000000000e-01
1.195757812500000000e+03 1.003906250000000000e+00
1.196808593750000000e+03 1.050781250000000000e+00
1.197777343750000000e+03 9.687500000000000000e-01
1.198730468750000000e+03 9.531250000000000000e-01
1.199648437500000000e+03 9.179687500000000000e-01
1.200484375000000000e+03 8.359375000000000000e-01
1.201406250000000000e+03 9.218750000000000000e-01
1.202324218750000000e+03 9.179687500000000000e-01
1.203332031250000000e+03 1.007812500000000000e+00
1.204390625000000000e+03 1.058593750000000000e+00
1.205398437500000000e+03 1.007812500000000000e+00
1.206339843750000000e+03 9.414062500000000000e-01
1.207347656250000000e+03 1.007812500000000000e+00
1.208363281250000000e+03 1.015625000000000000e+00
1.209273437500000000e+03 9.101562500000000000e-01
1.210214843750000000e+03 9.414062500000000000e-01
1.211238281250000000e+03 1.023437500000000000e+00
1.212222656250000000e+03 9.843750000000000000e-01
1.213167968750000000e+03 9.453125000000000000e-01
1.214203125000000000e+03 1.035156250000000000e+00
1.215222656250000000e+03 1.019531250000000000e+00
1.216117187500000000e+03 8.945312500000000000e-01
1.217097656250000000e+03 9.804687500000000000e-01
1.218136718750000000e+03 1.039062500000000000e+00
1.219089843750000000e+03 9.531250000000000000e-01
1.220066406250000000e+03 9.765625000000000000e-01
1.221109375000000000e+03 1.042968750000000000e+00
1.222101562500000000e+03 9.921875000000000000e-01
1.223062500000000000e+03 9.609375000000000000e-01
1.224089843750000000e+03 1.027343750000000000e+00
1.225101562500000000e+03 1.011718750000000000e+00
1.226042968750000000e+03 9.414062500000000000e-01
1.227050781250000000e+03 1.007812500000000000e+00
1.228046875000000000e+03 9.960937500000000000e-01
1.228945312500000000e+03 8.984375000000000000e-01
1.229945312500000000e+03 1.000000000000000000e+00
1.230968750000000000e+03 1.023437500000000000e+00
1.231871093750000000e+03 9.023437500000000000e-01
1.232835937500000000e+03 9.648437500000000000e-01
1.233832031250000000e+03 9.960937500000000000e-01
1.234796875000000000e+03 9.648437500000000000e-01
1.235730468750000000e+03 9.335937500000000000e-01
1.236773437500000000e+03 1.042968750000000000e+00
1.237781250000000000e+03 1.007812500000000000e+00
1.238789062500000000e+03 1.007812500000000000e+00
1.239828125000000000e+03 1.039062500000000000e+00
1.240847656250000000e+03 1.019531250000000000e+00
1.241781250000000000e+03 9.335937500000000000e-01
1.242777343750000000e+03 9.960937500000000000e-01
1.243804687500000000e+03 1.027343750000000000e+00
1.244746093750000000e+03 9.414062500000000000e-01
1.245746093750000000e+03 1.000000000000000000e+00
1.246808593750000000e+03 1.062500000000000000e+00
1.247828125000000000e+03 1.019531250000000000e+00
1.248757812500000000e+03 9.296875000000000000e-01
1.249777343750000000e+03 1.019531250000000000e+00
1.250808593750000000e+03 1.031250000000000000e+00
1.251769531250000000e+03 9.609375000000000000e-01
1.252769531250000000e+03 1.000000000000000000e+00
1.253792968750000000e+03 1.023437500000000000e+00
1.254761718750000000e+03 9.687500000000000000e-01
1.255710937500000000e+03 9.492187500000000000e-01
1.256730468750000000e+03 1.019531250000000000e+00
1.257738281250000000e+03 1.007812500000000000e+00
1.258660156250000000e+03 9.218750000000000000e-01
1.259699218750000000e+03 1.039062500000000000e+00
1.260738281250000000e+03 1.039062500000000000e+00
1.261703125000000000e+03 9.648437500000000000e-01
1.262660156250000000e+03 9.570312500000000000e-01
1.263687500000000000e+03 1.027343750000000000e+00
1.264710937500000000e+03 1.023437500000000000e+00
1.265699218750000000e+03 9.882812500000000000e-01
1.266753906250000000e+03 1.054687500000000000e+00
1.267816406250000000e+03 1.062500000000000000e+00
1.268773437500000000e+03 9.570312500000000000e-01
1.269718750000000000e+03 9.453125000000000000e-01
1.270746093750000000e+03 1.027343750000000000e+00
1.271718750000000000e+03 9.726562500000000000e-01
1.272644531250000000e+03 9.257812500000000000e-01
1.273636718750000000e+03 9.921875000000000000e-01
1.274574218750000000e+03 9.375000000000000000e-01
1.275429687500000000e+03 8.554687500000000000e-01
1.276394531250000000e+03 9.648437500000000000e-01
1.277390625000000000e+03 9.960937500000000000e-01
1.278296875000000000e+03 9.062500000000000000e-01
1.279265625000000000e+03 9.687500000000000000e-01
1.280269531250000000e+03 1.003906250000000000e+00
1.281242187500000000e+03 9.726562500000000000e-01
1.282136718750000000e+03 8.945312500000000000e-01
1.283132812500000000e+03 9.960937500000000000e-01
1.284214843750000000e+03 1.082031250000000000e+00
1.285218750000000000e+03 1.003906250000000000e+00
1.286261718750000000e+03 1.042968750000000000e+00
1.287308593750000000e+03 1.046875000000000000e+00
1.288269531250000000e+03 9.609375000000000000e-01
1.289285156250000000e+03 1.015625000000000000e+00
1.290289062500000000e+03 1.003906250000000000e+00
1.291230468750000000e+03 9.414062500000000000e-01
1.292242187500000000e+03 1.011718750000000000e+00
1.293289062500000000e+03 1.046875000000000000e+00
1.294304687500000000e+03 1.015625000000000000e+00
1.295285156250000000e+03 9.804687500000000000e-01
1.296328125000000000e+03 1.042968750000000000e+00
1.297359375000000000e+03 1.031250000000000000e+00
1.298296875000000000e+03 9.375000000000000000e-01
1.299269531250000000e+03 9.726562500000000000e-01
1.300285156250000000e+03 1.015625000000000000e+00
1.301210937500000000e+03 9.257812500000000000e-01
1.302195312500000000e+03 9.843750000000000000e-01
1.303230468750000000e+03 1.035156250000000000e+00
1.304199218750000000e+03 9.687500000000000000e-01
1.305250000000000000e+03 1.050781250000000000e+00
1.306316406250000000e+03 1.066406250000000000e+00
1.307285156250000000e+03 9.687500000000000000e-01
1.308234375000000000e+03 9.492187500000000000e-01
1.309218750000000000e+03 9.843750000000000000e-01
1.310261718750000000e+03 1.042968750000000000e+00
1.311171875000000000e+03 9.101562500000000000e-01
1.312128906250000000e+03 9.570312500000000000e-01
1.313171875000000000e+03 1.042968750000000000e+00
1.314113281250000000e+03 9.414062500000000000e-01
1.315156250000000000e+03 1.042968750000000000e+00
1.316183593750000000e+03 1.027343750000000000e+00
1.317121093750000000e+03 9.375000000000000000e-01
1.318066406250000000e+03 9.453125000000000000e-01
1.319066406250000000e+03 1.000000000000000000e+00
1.320031250000000000e+03 9.648437500000000000e-01
1.320933593750000000e+03 9.023437500000000000e-01
1.321902343750000000e+03 9.687500000000000000e-01
1.322902343750000000e+03 1.000000000000000000e+00
1.323843750000000000e+03 9.414062500000000000e-01
1.324820312500000000e+03 9.765625000000000000e-01
1.325843750000000000e+03 1.023437500000000000e+00
1.326835937500000000e+03 9.921875000000000000e-01
1.327820312500000000e+03 9.843750000000000000e-01
1.328855468750000000e+03 1.035156250000000000e+00
1.329851562500000000e+03 9.960937500000000000e-01
1.330816406250000000e+03 9.648437500000000000e-01
1.331847656250000000e+03 1.031250000000000000e+00
1.332890625000000000e+03 1.042968750000000000e+00
1.333855468750000000e+03 9.648437500000000000e-01
1.334816406250000000e+03 9.609375000000000000e-01
1.335816406250000000e+03 1.000000000000000000e+00
1.336671875000000000e+03 8.554687500000000000e-01
1.337550781250000000e+03 8.789062500000000000e-01
1.338410156250000000e+03 8.593750000000000000e-01
1.339394531250000000e+03 9.843750000000000000e-01
1.340425781250000000e+03 1.031250000000000000e+00
1.341371093750000000e+03 9.453125000000000000e-01
1.342281250000000000e+03 9.101562500000000000e-01
1.343285156250000000e+03 1.003906250000000000e+00
1.344304687500000000e+03 1.019531250000000000e+00
1.345218750000000000e+03 9.140625000000000000e-01
1.346234375000000000e+03 1.015625000000000000e+00
1.347269531250000000e+03 1.035156250000000000e+00
1.348199218750000000e+03 9.296875000000000000e-01
1.349078125000000000e+03 8.789062500000000000e-01
1.350117187500000000e+03 1.039062500000000000e+00
1.351195312500000000e+03 1.078125000000000000e+00
1.352203125000000000e+03 1.007812500000000000e+00
1.353289062500000000e+03 1.085937500000000000e+00
1.354359375000000000e+03 1.070312500000000000e+00
1.355285156250000000e+03 9.257812500000000000e-01
1.356289062500000000e+03 1.003906250000000000e+00
1.357355468750000000e+03 1.066406250000000000e+00
1.358312500000000000e+03 9.570312500000000000e-01
1.359253906250000000e+03 9.414062500000000000e-01
1.360308593750000000e+03 1.054687500000000000e+00
1.361382812500000000e+03 1.074218750000000000e+00
1.362308593750000000e+03 9.257812500000000000e-01
1.363339843750000000e+03 1.031250000000000000e+00
1.364386718750000000e+03 1.046875000000000000e+00
1.365332031250000000e+03 9.453125000000000000e-01
1.366351562500000000e+03 1.019531250000000000e+00
1.367433593750000000e+03 1.082031250000000000e+00
1.368464843750000000e+03 1.031250000000000000e+00
1.369410156250000000e+03 9.453125000000000000e-01
1.370406250000000000e+03 9.960937500000000000e-01
1.371382812500000000e+03 9.765625000000000000e-01
1.372335937500000000e+03 9.531250000000000000e-01
1.373398437500000000e+03 1.062500000000000000e+00
1.374460937500000000e+03 1.062500000000000000e+00
1.375437500000000000e+03 9.765625000000000000e-01
1.376519531250000000e+03 1.082031250000000000e+00
1.377609375000000000e+03 1.089843750000000000e+00
1.378632812500000000e+03 1.023437500000000000e+00
1.379671875000000000e+03 1.039062500000000000e+00
1.380703125000000000e+03 1.031250000000000000e+00
1.381644531250000000e+03 9.414062500000000000e-01
1.382714843750000000e+03 1.070312500000000000e+00
1.383804687500000000e+03 1.089843750000000000e+00
1.384800781250000000e+03 9.960937500000000000e-01
1.385839843750000000e+03 1.039062500000000000e+00
1.386886718750000000e+03 1.046875000000000000e+00
1.387843750000000000e+03 9.570312500000000000e-01
1.388800781250000000e+03 9.570312500000000000e-01
1.389839843750000000e+03 1.039062500000000000e+00
1.390875000000000000e+03 1.035156250000000000e+00
1.391902343750000000e+03 1.027343750000000000e+00
1.392984375000000000e+03 1.082031250000000000e+00
1.394031250000000000e+03 1.046875000000000000e+00
1.395042968750000000e+03 1.011718750000000000e+00
1.396109375000000000e+03 1.066406250000000000e+00
1.397132812500000000e+03 1.023437500000000000e+00
1.398062500000000000e+03 9.296875000000000000e-01
1.399078125000000000e+03 1.015625000000000000e+00
1.400167968750000000e+03 1.089843750000000000e+00
1.401144531250000000e+03 9.765625000000000000e-01
1.402203125000000000e+03 1.058593750000000000e+00
1.403363281250000000e+03 1.160156250000000000e+00
1.404453125000000000e+03 1.089843750000000000e+00
1.405425781250000000e+03 9.726562500000000000e-01
1.406496093750000000e+03 1.070312500000000000e+00
1.407574218750000000e+03 1.078125000000000000e+00
1.408531250000000000e+03 9.570312500000000000e-01
1.409550781250000000e+03 1.019531250000000000e+00
1.410585937500000000e+03 1.035156250000000000e+00
1.411550781250000000e+03 9.648437500000000000e-01
1.412621093750000000e+03 1.070312500000000000e+00
1.413640625000000000e+03 1.019531250000000000e+00
1.414589843750000000e+03 9.492187500000000000e-01
1.415656250000000000e+03 1.066406250000000000e+00
1.416683593750000000e+03 1.027343750000000000e+00
1.417652343750000000e+03 9.687500000000000000e-01
1.418750000000000000e+03 1.097656250000000000e+00
1.419851562500000000e+03 1.101562500000000000e+00
1.420832031250000000e+03 9.804687500000000000e-01
1.421902343750000000e+03 1.070312500000000000e+00
1.423000000000000000e+03 1.097656250000000000e+00
1.424023437500000000e+03 1.023437500000000000e+00
1.425148437500000000e+03 1.125000000000000000e+00
1.426253906250000000e+03 1.105468750000000000e+00
1.427292968750000000e+03 1.039062500000000000e+00
1.428382812500000000e+03 1.089843750000000000e+00
1.429414062500000000e+03 1.031250000000000000e+00
1.430406250000000000e+03 9.921875000000000000e-01
1.431562500000000000e+03 1.156250000000000000e+00
1.432699218750000000e+03 1.136718750000000000e+00
1.433730468750000000e+03 1.031250000000000000e+00
1.434875000000000000e+03 1.144531250000000000e+00
1.435964843750000000e+03 1.089843750000000000e+00
1.436945312500000000e+03 9.804687500000000000e-01
1.438027343750000000e+03 1.082031250000000000e+00
1.439167968750000000e+03 1.140625000000000000e+00
1.440183593750000000e+03 1.015625000000000000e+00
1.441351562500000000e+03 1.167968750000000000e+00
1.442542968750000000e+03 1.191406250000000000e+00
1.443593750000000000e+03 1.050781250000000000e+00
1.444671875000000000e+03 1.078125000000000000e+00
1.445734375000000000e+03 1.062500000000000000e+00
1.446703125000000000e+03 9.687500000000000000e-01
1.447855468750000000e+03 1.152343750000000000e+00
1.448996093750000000e+03 1.140625000000000000e+00
1.449968750000000000e+03 9.726562500000000000e-01
1.451058593750000000e+03 1.089843750000000000e+00
1.452238281250000000e+03 1.179687500000000000e+00
1.453292968750000000e+03 1.054687500000000000e+00
1.454437500000000000e+03 1.144531250000000000e+00
1.455566406250000000e+03 1.128906250000000000e+00
1.456546875000000000e+03 9.804687500000000000e-01
1.457621093750000000e+03 1.074218750000000000e+00
1.458734375000000000e+03 1.113281250000000000e+00
1.459750000000000000e+03 1.015625000000000000e+00
1.460832031250000000e+03 1.082031250000000000e+00
1.461925781250000000e+03 1.093750000000000000e+00
1.462925781250000000e+03 1.000000000000000000e+00
1.463996093750000000e+03 1.070312500000000000e+00
1.465097656250000000e+03 1.101562500000000000e+00
1.466082031250000000e+03 9.843750000000000000e-01
1.467191406250000000e+03 1.109375000000000000e+00
1.468265625000000000e+03 1.074218750000000000e+00
1.469273437500000000e+03 1.007812500000000000e+00
1.470402343750000000e+03 1.128906250000000000e+00
1.471535156250000000e+03 1.132812500000000000e+00
1.472597656250000000e+03 1.062500000000000000e+00
1.473714843750000000e+03 1.117187500000000000e+00
1.474765625000000000e+03 1.050781250000000000e+00
1.475789062500000000e+03 1.023437500000000000e+00
1.476902343750000000e+03 1.113281250000000000e+00
1.477925781250000000e+03 1.023437500000000000e+00
1.478898437500000000e+03 9.726562500000000000e-01
1.479976562500000000e+03 1.078125000000000000e+00
1.481089843750000000e+03 1.113281250000000000e+00
1.482082031250000000e+03 9.921875000000000000e-01
1.483207031250000000e+03 1.125000000000000000e+00
1.484296875000000000e+03 1.089843750000000000e+00
1.485253906250000000e+03 9.570312500000000000e-01
1.486367187500000000e+03 1.113281250000000000e+00
1.487453125000000000e+03 1.085937500000000000e+00
1.488414062500000000e+03 9.609375000000000000e-01
1.489496093750000000e+03 1.082031250000000000e+00
1.490589843750000000e+03 1.093750000000000000e+00
1.491601562500000000e+03 1.011718750000000000e+00
1.492730468750000000e+03 1.128906250000000000e+00
1.493835937500000000e+03 1.105468750000000000e+00
1.494792968750000000e+03 9.570312500000000000e-01
1.495843750000000000e+03 1.050781250000000000e+00
1.496949218750000000e+03 1.105468750000000000e+00
1.498003906250000000e+03 1.054687500000000000e+00
1.499152343750000000e+03 1.148437500000000000e+00
1.500261718750000000e+03 1.109375000000000000e+00
1.501195312500000000e+03 9.335937500000000000e-01
1.502171875000000000e+03 9.765625000000000000e-01
1.503253906250000000e+03 1.082031250000000000e+00
1.504285156250000000e+03 1.031250000000000000e+00
1.505390625000000000e+03 1.105468750000000000e+00
1.506519531250000000e+03 1.128906250000000000e+00
1.507515625000000000e+03 9.960937500000000000e-01
1.508531250000000000e+03 1.015625000000000000e+00
1.509378906250000000e+03 8.476562500000000000e-01
1.510265625000000000e+03 8.867187500000000000e-01
1.511152343750000000e+03 8.867187500000000000e-01
1.512195312500000000e+03 1.042968750000000000e+00
1.513277343750000000e+03 1.082031250000000000e+00
1.514234375000000000e+03 9.570312500000000000e-01
1.515281250000000000e+03 1.046875000000000000e+00
1.516371093750000000e+03 1.089843750000000000e+00
1.517343750000000000e+03 9.726562500000000000e-01
1.518390625000000000e+03 1.046875000000000000e+00
1.519445312500000000e+03 1.054687500000000000e+00
1.520386718750000000e+03 9.414062500000000000e-01
1.521398437500000000e+03 1.011718750000000000e+00
1.522468750000000000e+03 1.070312500000000000e+00
1.523445312500000000e+03 9.765625000000000000e-01
1.524507812500000000e+03 1.062500000000000000e+00
1.525566406250000000e+03 1.058593750000000000e+00
1.526542968750000000e+03 9.765625000000000000e-01
1.527585937500000000e+03 1.042968750000000000e+00
1.528570312500000000e+03 9.843750000000000000e-01
1.529566406250000000e+03 9.960937500000000000e-01
1.530683593750000000e+03 1.117187500000000000e+00
1.531812500000000000e+03 1.128906250000000000e+00
1.532867187500000000e+03 1.054687500000000000e+00
1.533957031250000000e+03 1.089843750000000000e+00
1.535019531250000000e+03 1.062500000000000000e+00
1.536011718750000000e+03 9.921875000000000000e-01
1.537121093750000000e+03 1.109375000000000000e+00
1.538167968750000000e+03 1.046875000000000000e+00
1.539144531250000000e+03 9.765625000000000000e-01
1.540218750000000000e+03 1.074218750000000000e+00
1.541285156250000000e+03 1.066406250000000000e+00
1.542292968750000000e+03 1.007812500000000000e+00
1.543425781250000000e+03 1.132812500000000000e+00
1.544519531250000000e+03 1.093750000000000000e+00
1.545476562500000000e+03 9.570312500000000000e-01
1.546589843750000000e+03 1.113281250000000000e+00
1.547726562500000000e+03 1.136718750000000000e+00
1.548707031250000000e+03 9.804687500000000000e-01
1.549792968750000000e+03 1.085937500000000000e+00
1.550906250000000000e+03 1.113281250000000000e+00
1.551937500000000000e+03 1.031250000000000000e+00
1.552925781250000000e+03 9.882812500000000000e-01
1.554050781250000000e+03 1.125000000000000000e+00
1.555156250000000000e+03 1.105468750000000000e+00
1.556105468750000000e+03 9.492187500000000000e-01
1.557183593750000000e+03 1.078125000000000000e+00
1.558300781250000000e+03 1.117187500000000000e+00
1.559332031250000000e+03 1.031250000000000000e+00
1.560445312500000000e+03 1.113281250000000000e+00
1.561593750000000000e+03 1.148437500000000000e+00
1.562707031250000000e+03 1.113281250000000000e+00
1.563851562500000000e+03 1.144531250000000000e+00
1.565031250000000000e+03 1.179687500000000000e+00
1.566160156250000000e+03 1.128906250000000000e+00
1.567253906250000000e+03 1.093750000000000000e+00
1.568398437500000000e+03 1.144531250000000000e+00
1.569507812500000000e+03 1.109375000000000000e+00
1.570601562500000000e+03 1.093750000000000000e+00
1.571699218750000000e+03 1.097656250000000000e+00
1.572714843750000000e+03 1.015625000000000000e+00
1.573816406250000000e+03 1.101562500000000000e+00
1.574925781250000000e+03 1.109375000000000000e+00
1.575929687500000000e+03 1.003906250000000000e+00
1.576960937500000000e+03 1.031250000000000000e+00
1.578109375000000000e+03 1.148437500000000000e+00
1.579234375000000000e+03 1.125000000000000000e+00
1.580230468750000000e+03 9.960937500000000000e-01
1.581285156250000000e+03 1.054687500000000000e+00
1.582363281250000000e+03 1.078125000000000000e+00
1.583394531250000000e+03 1.031250000000000000e+00
1.584460937500000000e+03 1.066406250000000000e+00
1.585546875000000000e+03 1.085937500000000000e+00
1.586519531250000000e+03 9.726562500000000000e-01
1.587511718750000000e+03 9.921875000000000000e-01
1.588562500000000000e+03 1.050781250000000000e+00
1.589601562500000000e+03 1.039062500000000000e+00
1.590582031250000000e+03 9.804687500000000000e-01
1.591632812500000000e+03 1.050781250000000000e+00
1.592703125000000000e+03 1.070312500000000000e+00
1.593664062500000000e+03 9.609375000000000000e-01
1.594675781250000000e+03 1.011718750000000000e+00
1.595750000000000000e+03 1.074218750000000000e+00
1.596750000000000000e+03 1.000000000000000000e+00
1.597679687500000000e+03 9.296875000000000000e-01
1.598703125000000000e+03 1.023437500000000000e+00
1.599730468750000000e+03 1.027343750000000000e+00
1.600652343750000000e+03 9.218750000000000000e-01
1.601609375000000000e+03 9.570312500000000000e-01
1.602703125000000000e+03 1.093750000000000000e+00
1.603730468750000000e+03 1.027343750000000000e+00
1.604566406250000000e+03 8.359375000000000000e-01
1.605421875000000000e+03 8.554687500000000000e-01
1.606480468750000000e+03 1.058593750000000000e+00
1.607562500000000000e+03 1.082031250000000000e+00
1.608589843750000000e+03 1.027343750000000000e+00
1.609585937500000000e+03 9.960937500000000000e-01
1.610640625000000000e+03 1.054687500000000000e+00
1.611695312500000000e+03 1.054687500000000000e+00
1.612714843750000000e+03 1.019531250000000000e+00
1.613648437500000000e+03 9.335937500000000000e-01
1.614699218750000000e+03 1.050781250000000000e+00
1.615785156250000000e+03 1.085937500000000000e+00
1.616757812500000000e+03 9.726562500000000000e-01
1.617730468750000000e+03 9.726562500000000000e-01
1.618777343750000000e+03 1.046875000000000000e+00
1.619824218750000000e+03 1.046875000000000000e+00
1.620781250000000000e+03 9.570312500000000000e-01
1.621847656250000000e+03 1.066406250000000000e+00
1.622917968750000000e+03 1.070312500000000000e+00
1.623863281250000000e+03 9.453125000000000000e-01
1.624882812500000000e+03 1.019531250000000000e+00
1.625937500000000000e+03 1.054687500000000000e+00
1.626929687500000000e+03 9.921875000000000000e-01
1.627855468750000000e+03 9.257812500000000000e-01
1.628867187500000000e+03 1.011718750000000000e+00
1.629886718750000000e+03 1.019531250000000000e+00
1.630785156250000000e+03 8.984375000000000000e-01
1.631847656250000000e+03 1.062500000000000000e+00
1.632941406250000000e+03 1.093750000000000000e+00
1.633906250000000000e+03 9.648437500000000000e-01
1.634921875000000000e+03 1.015625000000000000e+00
1.635988281250000000e+03 1.066406250000000000e+00
1.636953125000000000e+03 9.648437500000000000e-01
1.637960937500000000e+03 1.007812500000000000e+00
1.638996093750000000e+03 1.035156250000000000e+00
1.639925781250000000e+03 9.296875000000000000e-01
1.640890625000000000e+03 9.648437500000000000e-01
1.641917968750000000e+03 1.027343750000000000e+00
1.642886718750000000e+03 9.687500000000000000e-01
1.643804687500000000e+03 9.179687500000000000e-01
1.644839843750000000e+03 1.035156250000000000e+00
1.645871093750000000e+03 1.031250000000000000e+00
1.646781250000000000e+03 9.101562500000000000e-01
1.647812500000000000e+03 1.031250000000000000e+00
1.648871093750000000e+03 1.058593750000000000e+00
1.649835937500000000e+03 9.648437500000000000e-01
1.650906250000000000e+03 1.070312500000000000e+00
1.651996093750000000e+03 1.089843750000000000e+00
1.652996093750000000e+03 1.000000000000000000e+00
1.654066406250000000e+03 1.070312500000000000e+00
1.655125000000000000e+03 1.058593750000000000e+00
1.656054687500000000e+03 9.296875000000000000e-01
1.657070312500000000e+03 1.015625000000000000e+00
1.658117187500000000e+03 1.046875000000000000e+00
1.659054687500000000e+03 9.375000000000000000e-01
1.660070312500000000e+03 1.015625000000000000e+00
1.661113281250000000e+03 1.042968750000000000e+00
1.662054687500000000e+03 9.414062500000000000e-01
1.663066406250000000e+03 1.011718750000000000e+00
1.664050781250000000e+03 9.843750000000000000e-01
1.664945312500000000e+03 8.945312500000000000e-01
1.665773437500000000e+03 8.281250000000000000e-01
1.666671875000000000e+03 8.984375000000000000e-01
1.667656250000000000e+03 9.843750000000000000e-01
1.668632812500000000e+03 9.765625000000000000e-01
1.669691406250000000e+03 1.058593750000000000e+00
1.670753906250000000e+03 1.062500000000000000e+00
1.671773437500000000e+03 1.019531250000000000e+00
1.672863281250000000e+03 1.089843750000000000e+00
1.673867187500000000e+03 1.003906250000000000e+00
1.674796875000000000e+03 9.296875000000000000e-01
1.675820312500000000e+03 1.023437500000000000e+00
1.676820312500000000e+03 1.000000000000000000e+00
1.677718750000000000e+03 8.984375000000000000e-01
1.678625000000000000e+03 9.062500000000000000e-01
1.679593750000000000e+03 9.687500000000000000e-01
1.680527343750000000e+03 9.335937500000000000e-01
1.681429687500000000e+03 9.023437500000000000e-01
1.682402343750000000e+03 9.726562500000000000e-01
1.683394531250000000e+03 9.921875000000000000e-01
1.684343750000000000e+03 9.492187500000000000e-01
1.685367187500000000e+03 1.023437500000000000e+00
1.686363281250000000e+03 9.960937500000000000e-01
1.687230468750000000e+03 8.671875000000000000e-01
1.688183593750000000e+03 9.531250000000000000e-01
1.689199218750000000e+03 1.015625000000000000e+00
1.690109375000000000e+03 9.101562500000000000e-01
1.691000000000000000e+03 8.906250000000000000e-01
1.691945312500000000e+03 9.453125000000000000e-01
1.692851562500000000e+03 9.062500000000000000e-01
1.693675781250000000e+03 8.242187500000000000e-01
1.694597656250000000e+03 9.218750000000000000e-01
1.695535156250000000e+03 9.375000000000000000e-01
1.696398437500000000e+03 8.632812500000000000e-01
1.697363281250000000e+03 9.648437500000000000e-01
1.698332031250000000e+03 9.687500000000000000e-01
1.699183593750000000e+03 8.515625000000000000e-01
1.700093750000000000e+03 9.101562500000000000e-01
1.701039062500000000e+03 9.453125000000000000e-01
1.701906250000000000e+03 8.671875000000000000e-01
1.702769531250000000e+03 8.632812500000000000e-01
1.703722656250000000e+03 9.531250000000000000e-01
1.704703125000000000e+03 9.804687500000000000e-01
1.705625000000000000e+03 9.218750000000000000e-01
1.706656250000000000e+03 1.031250000000000000e+00
1.707675781250000000e+03 1.019531250000000000e+00
1.708582031250000000e+03 9.062500000000000000e-01
1.709546875000000000e+03 9.648437500000000000e-01
1.710582031250000000e+03 1.035156250000000000e+00
1.711511718750000000e+03 9.296875000000000000e-01
1.712390625000000000e+03 8.789062500000000000e-01
1.713367187500000000e+03 9.765625000000000000e-01
1.714378906250000000e+03 1.011718750000000000e+00
1.715320312500000000e+03 9.414062500000000000e-01
1.716378906250000000e+03 1.058593750000000000e+00
1.717441406250000000e+03 1.062500000000000000e+00
1.718343750000000000e+03 9.023437500000000000e-01
1.719316406250000000e+03 9.726562500000000000e-01
1.720300781250000000e+03 9.843750000000000000e-01
1.721171875000000000e+03 8.710937500000000000e-01
1.722113281250000000e+03 9.414062500000000000e-01
1.723132812500000000e+03 1.019531250000000000e+00
1.724039062500000000e+03 9.062500000000000000e-01
1.724929687500000000e+03 8.906250000000000000e-01
1.725949218750000000e+03 1.019531250000000000e+00
1.726925781250000000e+03 9.765625000000000000e-01
1.727808593750000000e+03 8.828125000000000000e-01
1.728777343750000000e+03 9.687500000000000000e-01
1.729746093750000000e+03 9.687500000000000000e-01
1.730605468750000000e+03 8.593750000000000000e-01
1.731625000000000000e+03 1.019531250000000000e+00
1.732667968750000000e+03 1.042968750000000000e+00
1.733562500000000000e+03 8.945312500000000000e-01
1.734531250000000000e+03 9.687500000000000000e-01
1.735562500000000000e+03 1.031250000000000000e+00
1.736449218750000000e+03 8.867187500000000000e-01
1.737406250000000000e+03 9.570312500000000000e-01
1.738453125000000000e+03 1.046875000000000000e+00
1.739378906250000000e+03 9.257812500000000000e-01
1.740296875000000000e+03 9.179687500000000000e-01
1.741367187500000000e+03 1.070312500000000000e+00
1.742390625000000000e+03 1.023437500000000000e+00
1.743437500000000000e+03 1.046875000000000000e+00
1.744519531250000000e+03 1.082031250000000000e+00
1.745523437500000000e+03 1.003906250000000000e+00
1.746480468750000000e+03 9.570312500000000000e-01
1.747464843750000000e+03 9.843750000000000000e-01
1.748421875000000000e+03 9.570312500000000000e-01
1.749433593750000000e+03 1.011718750000000000e+00
1.750562500000000000e+03 1.128906250000000000e+00
1.751605468750000000e+03 1.042968750000000000e+00
1.752691406250000000e+03 1.085937500000000000e+00
1.753800781250000000e+03 1.109375000000000000e+00
1.754769531250000000e+03 9.687500000000000000e-01
1.755804687500000000e+03 1.035156250000000000e+00
1.756800781250000000e+03 9.960937500000000000e-01
1.757703125000000000e+03 9.023437500000000000e-01
1.758675781250000000e+03 9.726562500000000000e-01
1.759675781250000000e+03 1.000000000000000000e+00
1.760613281250000000e+03 9.375000000000000000e-01
1.761679687500000000e+03 1.066406250000000000e+00
1.762753906250000000e+03 1.074218750000000000e+00
1.763710937500000000e+03 9.570312500000000000e-01
1.764699218750000000e+03 9.882812500000000000e-01
1.765722656250000000e+03 1.023437500000000000e+00
1.766664062500000000e+03 9.414062500000000000e-01
1.767722656250000000e+03 1.058593750000000000e+00
1.768835937500000000e+03 1.113281250000000000e+00
1.769816406250000000e+03 9.804687500000000000e-01
1.770863281250000000e+03 1.046875000000000000e+00
1.771882812500000000e+03 1.019531250000000000e+00
1.772828125000000000e+03 9.453125000000000000e-01
1.773871093750000000e+03 1.042968750000000000e+00
1.774976562500000000e+03 1.105468750000000000e+00
1.776003906250000000e+03 1.027343750000000000e+00
1.777132812500000000e+03 1.128906250000000000e+00
1.778230468750000000e+03 1.097656250000000000e+00
1.779175781250000000e+03 9.453125000000000000e-01
1.780042968750000000e+03 8.671875000000000000e-01
1.781023437500000000e+03 9.804687500000000000e-01
1.782007812500000000e+03 9.843750000000000000e-01
1.782894531250000000e+03 8.867187500000000000e-01
1.783906250000000000e+03 1.011718750000000000e+00
1.784980468750000000e+03 1.074218750000000000e+00
1.785902343750000000e+03 9.218750000000000000e-01
1.786917968750000000e+03 1.015625000000000000e+00
1.787964843750000000e+03 1.046875000000000000e+00
1.788867187500000000e+03 9.023437500000000000e-01
1.789875000000000000e+03 1.007812500000000000e+00
1.790968750000000000e+03 1.093750000000000000e+00
1.791917968750000000e+03 9.492187500000000000e-01
1.792945312500000000e+03 1.027343750000000000e+00
1.794003906250000000e+03 1.058593750000000000e+00
1.795062500000000000e+03 1.058593750000000000e+00
1.796097656250000000e+03 1.035156250000000000e+00
1.797218750000000000e+03 1.121093750000000000e+00
1.798296875000000000e+03 1.078125000000000000e+00
1.799234375000000000e+03 9.375000000000000000e-01
1.800234375000000000e+03 1.000000000000000000e+00
1.801207031250000000e+03 9.726562500000000000e-01
1.802101562500000000e+03 8.945312500000000000e-01
1.803175781250000000e+03 1.074218750000000000e+00
1.804230468750000000e+03 1.054687500000000000e+00
1.805167968750000000e+03 9.375000000000000000e-01
1.806246093750000000e+03 1.078125000000000000e+00
1.807355468750000000e+03 1.109375000000000000e+00
1.808398437500000000e+03 1.042968750000000000e+00
1.809421875000000000e+03 1.023437500000000000e+00
1.810476562500000000e+03 1.054687500000000000e+00
1.811484375000000000e+03 1.007812500000000000e+00
1.812402343750000000e+03 9.179687500000000000e-01
1.813394531250000000e+03 9.921875000000000000e-01
1.814425781250000000e+03 1.031250000000000000e+00
1.815390625000000000e+03 9.648437500000000000e-01
1.816429687500000000e+03 1.039062500000000000e+00
1.817468750000000000e+03 1.039062500000000000e+00
1.818421875000000000e+03 9.531250000000000000e-01
1.819425781250000000e+03 1.003906250000000000e+00
1.820445312500000000e+03 1.019531250000000000e+00
1.821320312500000000e+03 8.750000000000000000e-01
1.822203125000000000e+03 8.828125000000000000e-01
1.823101562500000000e+03 8.984375000000000000e-01
1.823988281250000000e+03 8.867187500000000000e-01
1.824828125000000000e+03 8.398437500000000000e-01
1.825816406250000000e+03 9.882812500000000000e-01
1.826839843750000000e+03 1.023437500000000000e+00
1.827792968750000000e+03 9.531250000000000000e-01
1.828804687500000000e+03 1.011718750000000000e+00
1.829855468750000000e+03 1.050781250000000000e+00
1.830792968750000000e+03 9.375000000000000000e-01
1.831664062500000000e+03 8.710937500000000000e-01
1.832644531250000000e+03 9.804687500000000000e-01
1.833636718750000000e+03 9.921875000000000000e-01
1.834519531250000000e+03 8.828125000000000000e-01
1.835480468750000000e+03 9.609375000000000000e-01
1.836433593750000000e+03 9.531250000000000000e-01
1.837289062500000000e+03 8.554687500000000000e-01
1.838203125000000000e+03 9.140625000000000000e-01
1.839171875000000000e+03 9.687500000000000000e-01
1.840136718750000000e+03 9.648437500000000000e-01
1.841097656250000000e+03 9.609375000000000000e-01
1.842105468750000000e+03 1.007812500000000000e+00
1.843117187500000000e+03 1.011718750000000000e+00
1.844078125000000000e+03 9.609375000000000000e-01
1.845121093750000000e+03 1.042968750000000000e+00
1.846136718750000000e+03 1.015625000000000000e+00
1.847058593750000000e+03 9.218750000000000000e-01
1.848093750000000000e+03 1.035156250000000000e+00
1.849136718750000000e+03 1.042968750000000000e+00
1.850082031250000000e+03 9.453125000000000000e-01
1.851046875000000000e+03 9.648437500000000000e-01
1.852070312500000000e+03 1.023437500000000000e+00
1.853078125000000000e+03 1.007812500000000000e+00
1.854031250000000000e+03 9.531250000000000000e-01
1.855078125000000000e+03 1.046875000000000000e+00
1.856117187500000000e+03 1.039062500000000000e+00
1.857062500000000000e+03 9.453125000000000000e-01
1.858031250000000000e+03 9.687500000000000000e-01
1.859019531250000000e+03 9.882812500000000000e-01
1.859890625000000000e+03 8.710937500000000000e-01
1.860699218750000000e+03 8.085937500000000000e-01
1.861550781250000000e+03 8.515625000000000000e-01
1.862496093750000000e+03 9.453125000000000000e-01
1.863421875000000000e+03 9.257812500000000000e-01
1.864304687500000000e+03 8.828125000000000000e-01
1.865285156250000000e+03 9.804687500000000000e-01
1.866316406250000000e+03 1.031250000000000000e+00
1.867253906250000000e+03 9.375000000000000000e-01
1.868156250000000000e+03 9.023437500000000000e-01
1.869105468750000000e+03 9.492187500000000000e-01
1.870078125000000000e+03 9.726562500000000000e-01
1.870953125000000000e+03 8.750000000000000000e-01
1.871894531250000000e+03 9.414062500000000000e-01
1.872878906250000000e+03 9.843750000000000000e-01
1.873824218750000000e+03 9.453125000000000000e-01
1.874769531250000000e+03 9.453125000000000000e-01
1.875816406250000000e+03 1.046875000000000000e+00
1.876859375000000000e+03 1.042968750000000000e+00
1.877796875000000000e+03 9.375000000000000000e-01
1.878789062500000000e+03 9.921875000000000000e-01
1.879816406250000000e+03 1.027343750000000000e+00
1.880761718750000000e+03 9.453125000000000000e-01
1.881843750000000000e+03 1.082031250000000000e+00
1.882964843750000000e+03 1.121093750000000000e+00
1.883953125000000000e+03 9.882812500000000000e-01
1.884992187500000000e+03 1.039062500000000000e+00
1.886078125000000000e+03 1.085937500000000000e+00
1.887093750000000000e+03 1.015625000000000000e+00
1.888101562500000000e+03 1.007812500000000000e+00
1.889207031250000000e+03 1.105468750000000000e+00
1.890246093750000000e+03 1.039062500000000000e+00
1.891304687500000000e+03 1.058593750000000000e+00
1.892402343750000000e+03 1.097656250000000000e+00
1.893386718750000000e+03 9.843750000000000000e-01
1.894386718750000000e+03 1.000000000000000000e+00
1.895496093750000000e+03 1.109375000000000000e+00
1.896628906250000000e+03 1.132812500000000000e+00
1.897621093750000000e+03 9.921875000000000000e-01
1.898574218750000000e+03 9.531250000000000000e-01
1.899617187500000000e+03 1.042968750000000000e+00
1.900671875000000000e+03 1.054687500000000000e+00
1.901695312500000000e+03 1.023437500000000000e+00
1.902746093750000000e+03 1.050781250000000000e+00
1.903695312500000000e+03 9.492187500000000000e-01
